Platform,Owner,Repo,Id,Language,Size,#Stars,#Forks,#Issues,Updated,#Commits,#Branches
GitHub,maxifuentes2,CreaTuLandingFuentes,915471448,JavaScript,60,0,0,0,2025-01-16T22:04:00Z,8.0,1
GitHub,eyaIL,mywebsite,917914591,,0,0,0,0,2025-01-16T22:03:56Z,,1
GitHub,Jeremias-V,SRLF,655125685,JavaScript,94,2,1,0,2025-01-16T21:13:26Z,6.0,1
GitHub,15LucasAlves,Web-ReactJS,893545908,JavaScript,986,0,0,0,2025-01-16T21:13:21Z,69.0,1
GitHub,uys2000-templates,vue,849408747,Vue,43755,0,0,0,2025-01-16T21:13:08Z,6.0,1
GitHub,sgarlandspanish,spanish-quiz,917885765,HTML,4,0,0,0,2025-01-16T21:13:08Z,3.0,1
GitHub,johnkay-l,Varna-Mobile-Phone-Sales-Analysis-Report-for-the-year-2020,917897829,,350,0,0,0,2025-01-16T21:13:08Z,3.0,1
GitHub,TUMH0404,waka0307,341916933,Jupyter Notebook,8750,0,0,0,2025-01-16T21:13:07Z,6.0,1
GitHub,mervecivan,TurkStudentCo--Market-Projesi,917892522,Python,1,0,0,0,2025-01-16T21:13:03Z,1.0,1
GitHub,santedb,santempi,196600461,JavaScript,10844,3,5,6,2025-01-22T14:05:49Z,520.0,14
GitHub,MakarVytiaz,Shop-bot,917897802,,0,0,0,0,2025-01-16T21:09:54Z,,1
GitHub,Jorge-Sarabia,web-pub-sub-script,917868494,JavaScript,11,0,0,0,2025-01-16T21:09:53Z,10.0,1
GitHub,Fabrizio2007,Fabrizio2007.github.io,914553112,JavaScript,8039,0,0,0,2025-01-16T21:09:43Z,2.0,1
GitHub,irrbis38,universal,886176772,SCSS,16986,0,0,0,2025-01-16T21:09:33Z,40.0,2
GitHub,imanthoc,imanthoc.github.io,916101440,HTML,46,0,0,0,2025-01-16T21:09:32Z,5.0,1
GitHub,ADNZ1272,skills-copilot-codespacede,917897508,,8,0,0,0,2025-01-16T21:09:23Z,2.0,1
GitHub,jswesner,wesnerlab,917892393,,586,0,0,0,2025-01-16T21:09:16Z,3.0,1
GitHub,asadaligith,Technical-Foundation,917896435,,137,0,0,0,2025-01-16T21:09:11Z,1.0,1
GitHub,alexandralymperi,distributedSystems,910518634,Java,4365,0,0,0,2025-01-16T21:09:05Z,35.0,6
GitHub,LAKSHYADTU,MultilingualHateSpeechDetection,911733699,Jupyter Notebook,2370,0,0,0,2025-01-16T21:09:03Z,3.0,1
GitHub,pinnacle-studio-ultimate-cra,.github,917897042,,2,0,0,0,2025-01-16T21:08:58Z,2.0,1
GitHub,petrbalat,test-redpanda,917643690,Kotlin,49,0,0,0,2025-01-16T21:08:52Z,4.0,1
GitHub,Harshulsen,Matrix-auto-filter,740818474,Python,714,0,0,0,2025-01-16T21:27:05Z,166.0,7
GitHub,projectgus,kona-ev-dbc,866977974,,221,3,0,0,2025-01-16T21:08:12Z,94.0,1
GitHub,Aboshy4,telegram-bot,917897182,,0,0,0,0,2025-01-16T21:08:02Z,,1
GitHub,JuanFraa431,TrabajoDsw,856453105,TypeScript,12001,0,0,0,2025-01-16T21:07:59Z,104.0,1
GitHub,CDCgov,abc-calibration-tools,859417265,Python,188,1,2,9,2025-02-03T20:40:54Z,18.0,7
GitHub,Dua-Fatima-khan,Hacakthon-3_day_1,917895993,,208,0,0,0,2025-01-16T21:07:37Z,1.0,1
GitHub,BrunaCarareto,qa-dev-learning,492267179,HTML,175607,0,0,0,2025-01-16T21:07:13Z,57.0,1
GitHub,farm19airdrop95token2024,restoretrust-pageweb,917896602,HTML,449,0,0,0,2025-01-16T21:07:10Z,1.0,1
GitHub,asma46243,SWEan33,917896646,HTML,1,0,0,0,2025-01-16T21:06:55Z,1.0,1
GitHub,santiagoasp98,tomato-disease-classification,916284079,Jupyter Notebook,31111,0,0,0,2025-01-16T21:06:53Z,6.0,1
GitHub,Mazuchii,Projet-rkham,909811920,CSS,26423,0,0,0,2025-01-16T21:06:52Z,18.0,3
GitHub,Ehiz-py,snake_game,917894135,Python,2,0,0,0,2025-01-16T21:06:46Z,1.0,1
GitHub,alja667,module_12_3,917890944,Python,3,0,0,0,2025-01-16T21:06:38Z,3.0,1
GitHub,Lev2098,LibraryServiceProject,916143878,Python,55,0,0,1,2025-01-25T17:00:21Z,4.0,2
GitHub,melxng,COGS108_Repo,917896685,,2,0,0,0,2025-01-16T21:06:32Z,1.0,1
GitHub,RIEEE-LINGO,LINGO-WebClient,739562277,Python,337,0,0,1,2025-01-16T21:06:25Z,32.0,2
GitHub,Arihant987,LLM,917178844,Jupyter Notebook,46,0,0,0,2025-01-16T21:06:17Z,3.0,1
GitHub,theophilushub,GG-Company_Theophilus,917884478,,2,0,0,0,2025-01-16T21:06:14Z,2.0,1
GitHub,AlexBidu,Proiect-IS2-master-master,917869922,C#,23808,0,0,0,2025-01-16T21:06:09Z,2.0,1
GitHub,nolanrkuhn,react-router-dogfinder,917896459,HTML,568,0,0,0,2025-01-16T21:05:55Z,1.0,1
GitHub,esraacevik,Fiyat-Takibi-ve-Al--veri-i-Otomatiklestirme,917801693,Python,36,1,0,0,2025-01-16T21:05:51Z,10.0,1
GitHub,benjamin762,split-the-nota,917896398,CSS,33,0,0,0,2025-01-16T21:05:50Z,2.0,1
GitHub,ITillo,ITillo.github.io,916297977,HTML,15,0,0,0,2025-01-16T21:05:38Z,8.0,1
GitHub,Yevhenii-2024,goit-js-hw-01,912987497,JavaScript,5,0,0,0,2025-01-16T21:05:33Z,9.0,1
GitHub,ectomorfo,cs50-network,917896251,,0,0,0,0,2025-01-16T21:05:24Z,1.0,1
GitHub,lemuelroberto,dotfiles,459404073,Shell,4614,5,0,0,2025-01-16T21:05:16Z,191.0,1
GitHub,akshayk1106,text_classification,917895900,Jupyter Notebook,1259,0,0,0,2025-01-16T21:05:16Z,2.0,1
GitHub,karlvava16,finalProject_Nest,903046247,TypeScript,131,0,0,0,2025-01-16T21:05:10Z,5.0,1
GitHub,rudyvic,guess-the-time,261749893,GDScript,241936,0,0,0,2025-01-16T21:05:07Z,11.0,1
GitHub,asp2131,half-day-react-playground,917409158,JavaScript,53,0,0,0,2025-01-16T21:05:07Z,4.0,1
GitHub,shlomtzionm,Travel-Agency-project,865223041,TypeScript,12752,0,0,0,2025-01-16T21:04:52Z,12.0,1
GitHub,maazmasood,HVAC_templete,906907344,TypeScript,91,0,0,0,2025-01-16T21:06:32Z,1.0,1
GitHub,henok12-br,henok12-br,917896029,,0,0,0,0,2025-01-16T21:04:47Z,,1
GitHub,Champion0899,MyRepository5wyxnsjivwh,917896022,,0,0,0,0,2025-01-16T21:04:46Z,,1
GitHub,King12-D,KD-BOT,917895956,,0,0,0,0,2025-01-16T21:04:37Z,,1
GitHub,Replay-Tag,ReloopBoard,917521484,C#,2017,0,0,0,2025-01-16T21:04:32Z,18.0,1
GitHub,MameSokhna27,Managing-state-react,917887049,JavaScript,174,0,0,0,2025-01-16T21:04:25Z,1.0,1
GitHub,Cmotch09,skills-introduction-to-github,917884503,,795,0,0,0,2025-01-16T21:04:22Z,10.0,1
GitHub,jasn17,ClubSite,857072129,CSS,132692,0,0,0,2025-01-16T21:04:10Z,27.0,1
GitHub,MaxSteelAT,packapp-client,917894217,HTML,178,0,0,0,2025-01-16T21:04:06Z,1.0,1
GitHub,NicoRachiu,ToDo-Symfony,910578636,Dockerfile,11030,0,0,0,2025-01-16T21:04:06Z,5.0,1
GitHub,gbittker,reddit,917893166,Python,1,0,0,0,2025-01-16T21:04:06Z,1.0,1
GitHub,taytaybear,contracts,917894452,Rust,60,0,0,0,2025-01-16T21:04:04Z,19.0,1
GitHub,ghuchumeliandria,react_4,917894434,CSS,47,0,0,0,2025-01-16T21:03:59Z,4.0,1
GitHub,tornado4444,STRUCT,917877075,C++,667,0,0,0,2025-01-16T21:03:44Z,13.0,1
GitHub,Louzadino,POO,886933414,Java,1341,0,0,0,2025-01-16T21:03:34Z,18.0,1
GitHub,brendanc,agent-check-js,626666813,JavaScript,48,0,0,0,2025-01-16T21:03:27Z,3.0,1
GitHub,DaniloCardoso93,testeTarget,917875239,JavaScript,4,0,0,0,2025-01-16T21:03:22Z,3.0,1
GitHub,Gavin145684,Gavin145684,917889098,,1,0,0,0,2025-01-16T21:02:57Z,2.0,1
GitHub,Marin2409,Inclass-One,917895085,Python,27,0,0,0,2025-01-17T05:07:35Z,1.0,7
GitHub,robynrox,evse-controller,736247238,Python,151,0,0,0,2025-01-16T21:02:49Z,39.0,1
GitHub,acidtango,boilerplate-nestjs,427432184,TypeScript,2137,4,1,11,2025-01-31T17:52:04Z,259.0,23
GitHub,sovue,es-doc-assets,367350341,,937208,1,0,0,2025-01-16T21:02:35Z,28.0,3
GitHub,Samaalkilani,web-based-project,916829755,HTML,2594,0,0,0,2025-01-16T21:02:18Z,8.0,1
GitHub,wesleytruong,nvim,767301091,Lua,55,0,0,0,2025-01-16T21:02:04Z,64.0,3
GitHub,solardecathlon,DADU_Builder,916412207,CSS,227,0,0,0,2025-01-16T21:01:53Z,4.0,2
GitHub,AndreGrigorian,Blind-Controller,917893524,C++,2,0,0,0,2025-01-16T21:01:52Z,1.0,1
GitHub,Mbenda-skf,Mon-sever,917894750,,0,0,0,0,2025-01-16T21:01:21Z,,1
GitHub,stkr22,private-assistant-scene-skill-py,828307059,Python,251,0,0,2,2025-01-20T03:37:30Z,32.0,2
GitHub,Favigacitua,desafiojwt,917893968,JavaScript,1297,0,0,0,2025-01-16T21:00:41Z,1.0,1
GitHub,Romero027,Romero027.github.io,108081360,HTML,46142,4,0,0,2025-01-16T21:00:21Z,669.0,1
GitHub,Ostin22,guitar-store,917892124,Python,9457,0,0,0,2025-01-16T20:59:30Z,1.0,1
GitHub,CCDevX,blog-layout-medium,917226662,HTML,400,0,0,0,2025-01-16T20:59:16Z,6.0,1
GitHub,christinabrgs,reactlandingpage,678638329,JavaScript,158955,0,0,0,2025-01-16T20:59:12Z,44.0,1
GitHub,AmaanAhanger,Atliq-Sales-Insight-Dashboard,917891979,,439,0,0,0,2025-01-16T20:59:06Z,3.0,1
GitHub,Opeyemi1197,Opeyemi1197,917893702,,1,0,0,0,2025-01-16T20:59:05Z,1.0,1
GitHub,PaulMTT,shell-setup,917893783,,0,0,0,0,2025-01-16T20:58:54Z,1.0,1
GitHub,MrPalikman,pizzaSite,916290124,HTML,466783,0,0,0,2025-01-16T22:23:27Z,3.0,3
GitHub,evanhaozhao,corp-fin-ado-toolkit,684223992,Stata,49,0,0,0,2025-01-16T20:58:49Z,54.0,2
GitHub,s20521,project_idh,917893741,,2520,0,0,0,2025-01-16T20:58:31Z,2.0,1
GitHub,elicano12,ecommercecandles,917893742,JavaScript,58,0,0,0,2025-01-16T20:59:39Z,1.0,2
GitHub,JurandyMatias,APIfake,917888934,,2,0,0,0,2025-01-16T20:58:23Z,2.0,1
GitHub,abdalrahmaneissa,android_device_xiaomi_sm6150-common,894050424,C++,2147,0,0,0,2025-01-16T20:58:16Z,1031.0,1
GitHub,andrewrothstein,ansible-varnish,58423096,,24,1,1,0,2025-01-16T20:59:39Z,32.0,1
GitHub,MGulliksen,Arbeidskrav_2,917882513,Python,5,0,0,0,2025-01-16T20:55:21Z,3.0,1
GitHub,mrktrnbll,mrktrnbll.github.io,698713647,JavaScript,21043,0,0,0,2025-01-16T20:55:20Z,42.0,1
GitHub,MarceloSAndrade,An-lise-de-Sentimentos-com-Language-Studio-no-Azure-AI,917892202,,2,0,0,0,2025-01-16T20:55:15Z,2.0,1
GitHub,Harshithhkgowd96,github-actions,917892570,,0,0,0,0,2025-01-16T20:55:05Z,,1
GitHub,ZiuXGG,Mi-Web-Personal-Youssef,838062795,JavaScript,4833,0,0,0,2024-12-30T19:16:40Z,14.0,1
GitHub,Amanyadav0007,LeetCode-Problems,910232018,C++,28,0,0,0,2024-12-30T19:16:17Z,3.0,1
GitHub,kajala,django-jstocks,718198705,Python,104,0,0,0,2024-12-30T19:15:57Z,25.0,2
GitHub,The-bogy,promax,910242510,HTML,3693,0,0,0,2024-12-30T19:15:44Z,1.0,1
GitHub,shakil3xyz,Web_project2,910242078,HTML,1711,0,0,0,2024-12-30T19:15:36Z,1.0,1
GitHub,jfmora1,photography-website,737364607,HTML,100507,0,0,0,2024-12-30T19:15:30Z,13.0,1
GitHub,YACSCH,wspTwilio,873356208,JavaScript,15,0,0,0,2024-12-30T19:15:21Z,9.0,1
GitHub,lama-ku,responsive-layout,910238877,HTML,3,0,0,0,2024-12-30T19:14:58Z,2.0,1
GitHub,ACM-Research,Conceal-and-Reveal,699083600,Jupyter Notebook,8418,1,0,0,2024-12-30T19:14:58Z,30.0,2
GitHub,Hrishikesh2002,sim_troupe,905849364,HTML,34,0,0,0,2024-12-30T19:14:25Z,7.0,2
GitHub,kauaeduardowagnerecker,Desafio-de-Projeto-Contador,910242404,,0,0,0,0,2024-12-30T19:14:14Z,1.0,1
GitHub,Justin-Locke,Martin-s-Aquarium,910242296,JavaScript,16,0,0,0,2024-12-30T19:14:13Z,1.0,1
GitHub,kashifsoofi,fcc-image-search-service,78294199,JavaScript,28,0,0,1,2025-01-16T21:41:35Z,24.0,2
GitHub,imElomari,Emploi_Temps,909666023,Python,37,0,0,0,2024-12-31T08:07:11Z,13.0,4
GitHub,zafermakki,Auth_Django,908208781,Python,17883,0,0,0,2024-12-30T19:13:53Z,4.0,1
GitHub,GEdO23,sb-vollmed-api,907936193,Java,20,0,0,0,2024-12-30T19:13:42Z,12.0,1
GitHub,Fiacharpercu,dofug,897543741,JavaScript,3,0,0,0,2024-12-30T19:13:16Z,7.0,1
GitHub,Manikantarjy,JavaPractise,910239100,Java,6,0,0,0,2024-12-30T19:13:07Z,5.0,1
GitHub,likithmallesh,main2,910241586,HTML,5637,0,0,0,2024-12-30T19:13:01Z,1.0,1
GitHub,clevercanyon,utilities,570496340,TypeScript,21027,0,0,1,2024-12-30T19:12:44Z,781.0,3
GitHub,jhasan2026,Crop_Yeild,910241711,Jupyter Notebook,1438,0,0,0,2024-12-30T19:12:32Z,1.0,1
GitHub,popmie24,Metaphor-ReFantazio-Cheat,910240984,,6,0,0,0,2024-12-30T19:12:27Z,3.0,1
GitHub,Indah-Steam,indah_panjaitan,910241793,,0,0,0,0,2024-12-30T19:12:00Z,,1
GitHub,hopedies,hopedies,910241662,,1,0,0,0,2024-12-30T19:50:02Z,1.0,2
GitHub,Lewisjohnward,nvim-config,910241594,Lua,14,0,0,0,2024-12-30T19:11:57Z,1.0,1
GitHub,tonybutt,fiapp,910237460,Nix,80,0,0,0,2025-01-04T02:43:00Z,3.0,2
GitHub,diegorossit,ANOR-S-24-01950,813073327,,118,0,0,0,2024-12-30T19:11:17Z,6.0,1
GitHub,satyamx33,satyam-portfolio,910241432,,0,0,0,0,2024-12-30T19:10:56Z,1.0,1
GitHub,Salehdev9,SPACDYNA,907944041,CSS,1147,0,0,0,2024-12-30T19:10:46Z,30.0,1
GitHub,red0723,Java-Scripts,909903267,Java,13,0,0,0,2024-12-30T19:10:40Z,8.0,1
GitHub,highrascal9098,python-Tut,910241407,,0,0,0,0,2024-12-30T19:10:37Z,,1
GitHub,sanowl,image_compression-Rust,908686709,Makefile,50905,0,0,0,2024-12-30T19:10:37Z,4.0,1
GitHub,nilmarpublio,projsup,910235857,Python,3,0,0,0,2024-12-30T19:10:36Z,2.0,1
GitHub,Yasin384,whirl-website,910241378,,0,0,0,0,2024-12-30T19:10:31Z,1.0,1
GitHub,namratha-25,C-Repo,910241350,C,1,0,0,0,2024-12-30T19:10:25Z,2.0,1
GitHub,RaiSheng,my-first-git,910020475,,7,0,0,0,2024-12-30T19:10:08Z,14.0,4
GitHub,ivansanmartin,docker-development,906463380,,1,0,0,0,2024-12-30T19:10:08Z,3.0,1
GitHub,hugolalmeida,company-survey,910177129,TypeScript,168,0,0,0,2024-12-30T19:10:01Z,10.0,1
GitHub,saadadel279,al_dahabiya,851845648,Dart,1917,0,0,0,2024-12-30T19:09:48Z,86.0,28
GitHub,MVTRXWRLD,Install-New-Relic-Infrastructure-Agent,910234111,,5,1,0,0,2024-12-30T19:09:31Z,3.0,1
GitHub,VBWEBcorp,personal-websitev2,910106926,TypeScript,305,0,0,0,2024-12-30T19:09:14Z,9.0,1
GitHub,jessy123-MAKER,jessy123-MAKER,910240895,,0,0,0,0,2024-12-30T19:08:49Z,,1
GitHub,iamteamstar,hizmet,910238314,,403,0,0,0,2024-12-30T19:08:41Z,5.0,1
GitHub,7FULL,Custom_Assembler,907775539,Python,22,0,0,0,2024-12-30T19:08:32Z,4.0,1
GitHub,KHALILBENTOUDA,so_long,908508399,C,28,0,0,0,2024-12-30T19:08:21Z,3.0,2
GitHub,Tutun03,Expression-Language-EL-in-JSP,910240632,Java,3,0,0,0,2024-12-30T19:08:12Z,1.0,1
GitHub,anuragaman456,Node,875510797,JavaScript,56,0,0,0,2024-12-30T19:07:50Z,20.0,1
GitHub,Kevinroberto219reyesteamoreres,skills-hello-github-actions,910240451,,29,0,0,0,2024-12-30T19:07:38Z,2.0,7
GitHub,IAhmed105,GH_actions-demo,910171779,,6,0,0,0,2024-12-30T19:07:29Z,6.0,1
GitHub,harold-ml,flor-de-bach-carpeta,910240203,HTML,1778,0,0,0,2024-12-30T19:07:26Z,1.0,1
GitHub,alexfferro,regullus,905206656,TypeScript,138,0,0,0,2024-12-30T19:07:23Z,5.0,1
GitHub,SushmaJadhav123,c,910240507,,1,0,0,0,2024-12-30T19:07:22Z,1.0,1
GitHub,hemantguys,Ashishschoolproject,910240505,,0,0,0,0,2024-12-30T19:07:21Z,,1
GitHub,Mamdouh1234,Olist-Retail-customer-segmentation,910227307,Jupyter Notebook,755,0,0,0,2024-12-30T19:07:04Z,7.0,1
GitHub,1cbyc,domain_ip_grab,584568326,Python,19,0,0,0,2024-12-30T19:06:52Z,25.0,1
GitHub,marcusgarcia99,DS-Streamlit-Dashboard,909114794,Python,17,0,0,0,2024-12-30T19:06:17Z,6.0,1
GitHub,Bug-Hunter-X,Tailwind-CSS-Flexbox-Layout-Issue-twg84,910240122,HTML,1,0,0,0,2024-12-30T19:06:06Z,3.0,1
GitHub,zharkaron,checklist,905360456,Python,6,0,0,0,2024-12-30T19:06:04Z,2.0,1
GitHub,huyhoangnguyenakatiger,Match3,906057837,C#,615402,0,0,0,2024-12-30T19:05:53Z,13.0,1
GitHub,BruneraFX,Money-Matters,910234021,Java,28114,0,0,0,2024-12-30T19:05:51Z,3.0,1
GitHub,dhanusheyy16,dd,910021080,HTML,9,0,0,0,2024-12-30T19:04:55Z,5.0,1
GitHub,jao761,SpringBoot-Projeckt,910231613,,4,0,0,0,2024-12-30T19:04:18Z,4.0,1
GitHub,Y-S-G-D,ParivartanX,910208928,TypeScript,9495,0,0,0,2024-12-30T19:04:03Z,4.0,1
GitHub,SinanDaniel,SwiftUICalc,910239376,,2,0,0,0,2024-12-30T19:03:53Z,2.0,1
GitHub,Danirive30,Global_Superstore-Project,910233205,,292,0,0,0,2024-12-30T19:03:38Z,8.0,1
GitHub,jcloudify-ci,test-2024-12-30-22,910239140,Java,3168,0,0,0,2024-12-30T19:03:23Z,2.0,1
GitHub,anasnasuhaaa,k12toprak,907341419,SCSS,195418,0,0,0,2024-12-30T19:03:21Z,9.0,1
GitHub,acciojob,navigate-in-style-Arti2911,910178065,JavaScript,6,0,0,0,2024-12-30T19:03:16Z,3.0,1
GitHub,Jxddiss,air_idefix_app,910182824,Kotlin,5629,0,0,0,2024-12-30T19:03:12Z,351.0,19
GitHub,alturist-su,SocialMediaFrontend,795901996,JavaScript,3872,0,0,0,2024-12-30T19:02:15Z,42.0,3
GitHub,Basttyy,fx-data-server,629416370,PHP,5508,0,0,3,2024-12-30T19:07:16Z,524.0,8
GitHub,markbus-ai,url_short,910234342,,0,0,0,0,2024-12-30T19:01:49Z,1.0,1
GitHub,ds2600,ansible-netbox-install,662762482,,18,0,1,1,2024-12-31T13:44:49Z,20.0,1
GitHub,Jalendhar10,bnm-dev,910237943,CSS,5004,0,0,0,2024-12-30T19:01:34Z,1.0,1
GitHub,ColumbiaComputerVision,mincam,910238701,Python,27,0,0,0,2024-12-30T19:01:24Z,1.0,1
GitHub,Zarroc05,zarroc05,579673402,,14,0,0,0,2024-12-30T19:01:19Z,10.0,1
GitHub,mokbir,github_actions_init,910221090,,2,0,0,0,2024-12-30T19:01:00Z,5.0,1
GitHub,virajmuthye,Scripts,117775577,Shell,83,0,0,0,2024-12-30T19:00:54Z,54.0,1
GitHub,AydarovaM,linux-python,910238505,Python,2,0,0,0,2024-12-30T19:00:25Z,1.0,1
GitHub,PjGeeroms,EnderV2,910166515,,16,0,0,0,2024-12-30T18:59:59Z,9.0,1
GitHub,codemirror,lang-less,632934520,TypeScript,18,4,1,0,2024-12-30T18:59:55Z,11.0,1
GitHub,pradumnjha,Machine-monitoring-and-Managment,910229778,TypeScript,3,0,0,0,2024-12-30T18:59:13Z,3.0,1
GitHub,poetic-design-net,mastersvelte,910224133,TypeScript,1152,0,0,0,2024-12-30T18:59:07Z,58.0,1
GitHub,farrazfzn,mejabiliard,910229089,HTML,14,0,0,0,2024-12-30T18:58:57Z,3.0,1
GitHub,Saad-Momin00313,Saad-ALL-Spark,909806941,Python,66,0,0,0,2024-12-30T18:58:49Z,14.0,1
GitHub,Usman02119,first-repository,910238022,,0,0,0,0,2024-12-30T18:58:40Z,,1
GitHub,ByJohn,word-list,737803136,JavaScript,115,0,0,0,2024-12-30T18:58:30Z,35.0,1
GitHub,HLong04,HINHHOC,910237833,,0,0,0,0,2024-12-30T18:57:58Z,,1
GitHub,vitorugoc,deploy-kubernetes-tpcloud,907099203,,6,0,0,0,2024-12-30T18:57:51Z,11.0,1
GitHub,gargideveloper,Adventure_Outifitters,910232725,HTML,8695,0,0,0,2024-12-30T18:57:49Z,3.0,1
GitHub,mills-andrew,Pokemon-Legends-Celebi,909744099,,68,0,0,0,2024-12-30T18:57:25Z,1.0,1
GitHub,LilianCag,typescript_tts,910236774,TypeScript,26,0,0,0,2024-12-30T18:57:23Z,1.0,1
GitHub,DrZ199,Boootstrap,910136243,HTML,101,0,0,0,2024-12-30T18:57:13Z,9.0,1
GitHub,bulvaix,NewRepo,910237360,,3,0,0,0,2024-12-30T18:57:05Z,1.0,1
GitHub,Emir1719,Reels,909128209,Python,66,0,0,0,2024-12-30T18:56:59Z,25.0,1
GitHub,pt1C3,pt1c3.github.io,896869935,JavaScript,59561,0,0,0,2024-12-30T18:56:56Z,18.0,3
GitHub,Fasalpa,ConversorDeDivisas,909799365,Java,11,0,0,0,2024-12-30T18:56:45Z,7.0,2
GitHub,plknit00,crochet_pattern_gen,883424111,C++,49,0,0,0,2024-12-30T18:56:42Z,14.0,1
GitHub,Md-Badhon-Sheikh,php-fundamental,891676031,CSS,4100,0,1,0,2024-12-30T18:56:35Z,29.0,1
GitHub,Salespoet,chatbot,910237433,Python,6,0,0,0,2024-12-30T18:56:34Z,1.0,1
GitHub,flathub,org.gottcode.Tetzle,138375254,,12,0,0,0,2025-01-06T19:36:45Z,28.0,1
GitHub,lcfag,lcfag,912938923,,5,0,0,0,2025-01-06T19:36:44Z,3.0,1
GitHub,ldez,mimetype,443845927,Go,291,8,1,0,2025-01-06T19:36:56Z,18.0,1
GitHub,AlexandherCM,BibliotecaCFDI4.0,862143990,C#,232,0,0,0,2025-01-06T19:36:30Z,12.0,1
GitHub,synrocka,Business_ML_HW1,912972089,Python,33,0,0,0,2025-01-06T19:36:15Z,4.0,1
GitHub,Sergyk855,astro-sanity-starter2,912909327,TypeScript,2429,0,0,0,2025-01-06T19:36:02Z,146.0,2
GitHub,OleksaDudko,HW-16,912979416,CSS,2858,0,0,0,2025-01-06T19:35:59Z,2.0,1
GitHub,smita678,springJobApp,912974460,,2,0,0,0,2025-01-06T19:35:44Z,3.0,1
GitHub,sankha-ghosh,go-app-new,906225416,HTML,234,1,0,0,2025-01-06T19:35:42Z,57.0,1
GitHub,caseconsulting,website-api,191791794,JavaScript,655,0,0,0,2025-01-06T19:41:53Z,188.0,3
GitHub,ValeriaCastellino,Google-Data-Analytics,901506827,,60,0,0,0,2025-01-06T19:34:48Z,24.0,1
GitHub,anyakzar,WS,873450824,,690,0,0,0,2025-01-06T19:34:22Z,12.0,1
GitHub,Subx1s0o,nodejs-hw-mongodb,902078346,JavaScript,143,0,0,0,2025-01-06T19:33:42Z,29.0,7
GitHub,kwaneee,git_test,912971338,,1,0,0,0,2025-01-06T19:33:41Z,3.0,1
GitHub,colisee,odr-debian,615292901,,78,0,0,0,2025-01-06T19:33:37Z,76.0,1
GitHub,yshi50,AutomatedTableauDashboardGenerator,911299310,R,2605,0,0,0,2025-01-06T19:33:24Z,5.0,1
GitHub,nikolajkring,bachelor,912903222,PHP,193,0,0,0,2025-01-20T21:48:44Z,2.0,2
GitHub,GIGAKLIBADZE,planets-fact-side,906673103,TypeScript,369,0,0,0,2025-01-06T19:32:58Z,32.0,1
GitHub,andrewchester1,expo-drawer-example,910159482,TypeScript,272,0,0,0,2025-01-06T19:32:49Z,3.0,1
GitHub,jQwitt,portfolio,760175141,HTML,40,0,0,0,2025-01-06T19:32:41Z,14.0,1
GitHub,ldez,go-git-cmd-wrapper,93330043,Go,229,56,17,0,2025-01-06T19:32:37Z,122.0,1
GitHub,maxkar,corelib-scala,391942158,Scala,526,1,0,1,2025-01-06T19:32:33Z,182.0,2
GitHub,Aditi05-01,-_-.1,912978921,Jupyter Notebook,8,0,0,0,2025-01-06T19:32:27Z,2.0,1
GitHub,adams1864,learning-express,912979171,JavaScript,1,0,0,0,2025-01-06T19:32:27Z,1.0,1
GitHub,tdxa,advent_of_code,724829024,TypeScript,92,0,0,0,2025-01-06T19:32:16Z,27.0,1
GitHub,roblox-csharp,janitor,836959012,Lua,19,0,0,0,2025-01-06T19:32:08Z,13.0,1
GitHub,hsph,rd4-2-ical,912978216,Python,3,0,0,0,2025-01-06T19:32:02Z,1.0,1
GitHub,kariuki-89,cdnupdated22,912978781,HTML,48,0,0,0,2025-01-06T19:31:51Z,1.0,1
GitHub,KeBoZhi0362533,KEBOZHI,912975804,CSS,8380,0,0,0,2025-01-06T19:31:40Z,1.0,1
GitHub,Salinda7329,testWordPressSite,885696364,PHP,50428,0,0,0,2025-01-06T19:31:36Z,4.0,1
GitHub,chefdude99,generador_de_excusas_jf,912918539,JavaScript,150,1,0,0,2025-01-06T19:31:22Z,3.0,2
GitHub,jxhnkndl,xcode-git-test,912978822,,0,0,0,0,2025-01-06T19:31:21Z,1.0,1
GitHub,cfernpra,monitoreo-app,908968000,Vue,232,0,0,0,2025-01-12T18:04:49Z,12.0,2
GitHub,egbulsoni,marketplace,912976740,Vue,308,0,0,0,2025-01-06T19:31:01Z,1.0,1
GitHub,lakshya1333,MyBrain,912281791,TypeScript,159,0,0,0,2025-01-06T19:30:47Z,26.0,1
GitHub,EduardoAdamen,cumpleanos,912977453,CSS,36,0,0,0,2025-01-06T19:30:43Z,1.0,1
GitHub,salma-w,Shopping_Cart,912589641,C++,272,0,0,0,2025-01-06T19:30:31Z,2.0,1
GitHub,mrdizlike,blender-things,912977400,,21866,0,0,0,2025-01-06T19:30:17Z,1.0,1
GitHub,ProfMPPDias,digitpredictionapp,912972968,Python,4,0,0,0,2025-01-06T19:30:17Z,3.0,1
GitHub,andrew153d,CyberDeck,840781463,Python,17,0,0,0,2025-01-06T19:30:11Z,12.0,1
GitHub,TheRealHumdinger,MAM-Favorites-Menu,752319348,JavaScript,411,0,0,1,2025-01-06T19:29:47Z,45.0,1
GitHub,PrithviKV,project2,912978276,HTML,0,0,0,0,2025-01-06T19:29:43Z,1.0,1
GitHub,calebS24,Screen-Recoder-Using-Python,435863040,Python,480,0,0,0,2025-01-06T19:29:33Z,8.0,1
GitHub,alexnoe81,VcdsDataPlotter,905121061,C#,74,0,0,0,2025-01-06T19:29:30Z,3.0,1
GitHub,n-saramad,CV,499885535,Jupyter Notebook,626,0,0,0,2025-01-06T19:29:28Z,14.0,1
GitHub,amantpl,cara,910800640,HTML,14935,1,0,0,2025-01-06T19:29:27Z,14.0,1
GitHub,Sukruth2716,Data_types_and_structures,912978149,,0,0,0,0,2025-01-06T19:29:22Z,,1
GitHub,quantdevv,Git-Codder,386604000,,1681,0,0,0,2025-01-06T19:29:08Z,32.0,1
GitHub,Francissundarraj,Tripadviser-Clone,866400910,CSS,2329,0,0,0,2025-01-06T19:29:05Z,14.0,1
GitHub,Mohammed-M97,codewars-test03,912977736,JavaScript,0,0,0,0,2025-01-06T19:28:58Z,1.0,1
GitHub,pieterprovoost,wktmap,497433803,JavaScript,16605,10,3,6,2025-01-06T19:28:57Z,98.0,12
GitHub,mehediweb01,Redux-counter-app,912977761,JavaScript,56,0,0,0,2025-01-06T19:28:47Z,1.0,1
GitHub,Wasiu-Jahan-Labonno,varahobe_0.1,896139293,HTML,10036,0,0,0,2025-01-06T19:28:44Z,3.0,1
GitHub,losredoe132,buzzer_game_backend,912318260,Python,15,0,0,0,2025-01-06T19:28:44Z,7.0,1
GitHub,MSMukilan03,M.S.MUKILAN-CA-LAB-EXP,912968089,,4109,0,0,0,2025-01-06T19:28:42Z,2.0,1
GitHub,deltadevhq,wspomagacz-backend,846993973,JavaScript,535,0,0,0,2025-01-06T19:28:40Z,338.0,1
GitHub,Sahil-Khedia,C-DSA,912976006,C++,462,0,0,0,2025-01-06T19:28:39Z,1.0,1
GitHub,Karlomontiel,repasoord2,912977277,HTML,109,0,0,0,2025-01-06T19:28:39Z,1.0,1
GitHub,dfajrin,python_micro_app,912972960,Jupyter Notebook,3,0,0,0,2025-01-06T19:28:33Z,1.0,1
GitHub,omarOMARomar12,maker,912971219,JavaScript,224,0,0,0,2025-01-06T19:28:31Z,1.0,1
GitHub,McSwaggens,Compiler,722461622,C,148,0,0,0,2025-01-06T19:28:26Z,73.0,1
GitHub,aidan-interpurposeful,aoc-2024,912977729,Python,28,0,0,0,2025-01-06T19:28:22Z,1.0,1
GitHub,codexprimez,C-lang,899624796,R,22,0,0,0,2025-02-04T09:08:30Z,10.0,3
GitHub,tasnim001,EmployeeManagementSystem_CSE471,910158415,,3,0,0,0,2025-01-06T19:28:13Z,3.0,3
GitHub,AlexJonesHC,BoxingLine,911376365,,80,0,0,0,2025-01-06T19:28:12Z,3.0,1
GitHub,thknb,Calculator,912973484,Go,1,1,0,0,2025-01-06T19:28:11Z,2.0,1
GitHub,ldez,gha-mjolnir,171200992,Go,59,43,9,2,2025-01-06T19:28:08Z,63.0,1
GitHub,braulioser9003,laravel-stripe-brancodelogic,903010584,PHP,199,0,0,0,2025-01-06T19:27:55Z,3.0,1
GitHub,metrico,cloki-config,483579995,Go,70,2,1,1,2025-01-06T19:28:43Z,101.0,4
GitHub,Bishwajeet-07,survey_initial,912977219,,0,0,0,0,2025-01-06T19:26:51Z,1.0,1
GitHub,Thrishanka051,sinhala_Master-grammar-and-spell-checker,900701650,Jupyter Notebook,1501,0,0,0,2025-01-06T19:26:30Z,40.0,1
GitHub,Thenula09,bookshop,912973299,CSS,7787,0,0,0,2025-01-06T19:26:24Z,1.0,1
GitHub,jadhaosawan007,sjattitude007,912976966,,0,0,0,0,2025-01-06T19:26:07Z,1.0,1
GitHub,gengue,gengue,449736191,,25,0,0,0,2025-01-06T19:26:01Z,10.0,1
GitHub,Vagner-Alves,python,818494495,Python,114,0,0,0,2025-01-06T19:26:01Z,204.0,1
GitHub,dolphinium,leet-code,903530867,Jupyter Notebook,1287,0,0,0,2025-01-06T19:25:59Z,14.0,1
GitHub,AlekSnake,Module_3_HARD,912976346,Python,4,0,0,0,2025-01-06T19:25:55Z,3.0,1
GitHub,EepySoldier,divide-and-conquer,912974058,JavaScript,30,0,0,0,2025-01-06T19:25:36Z,1.0,1
GitHub,angamaly-diaries-folhq-mobe-on-us,.github,912976007,,5,0,0,0,2025-01-06T19:25:24Z,1.0,1
GitHub,AgentKokos,patrztokurwa,912976390,HTML,142,0,0,0,2025-01-06T19:25:24Z,1.0,1
GitHub,seannoah,seannoah.github.io,160559190,CSS,35250,0,0,0,2025-01-06T19:25:15Z,96.0,1
GitHub,stevenwanderski,portfolio-2024,755256739,CSS,637,0,0,0,2025-01-06T19:25:12Z,13.0,1
GitHub,santhoshsonu,kvstore,912970934,Go,5,0,0,0,2025-01-06T19:25:01Z,3.0,1
GitHub,kalindacheung,As2Website_Event_Ticket_System,912976358,HTML,15863,0,0,0,2025-01-06T19:24:34Z,2.0,1
GitHub,Lara-Silvestre,Lara-Silvestre,776206518,,3,0,0,0,2025-01-06T19:24:11Z,3.0,1
GitHub,alphons,WebFormBuilder,896562827,JavaScript,139,0,0,0,2025-01-06T19:24:09Z,39.0,1
GitHub,Elipson-Backend,resources.elipson.dev,909124936,HTML,1110,0,0,0,2025-01-06T19:24:05Z,8.0,1
GitHub,LuizHenriqueAlvesC,Tarefa_Cadastro1,912976008,Java,1,0,0,0,2025-01-06T19:23:57Z,1.0,1
GitHub,JoeBidenWhatAreYouHiding,Kaiserreich-Update-Tracker,280543590,Lua,1661890,0,1,0,2025-01-06T19:23:57Z,66.0,1
GitHub,Harden0101,airplane_shooting_game,909788535,ShaderLab,5468,0,0,0,2025-01-06T19:23:39Z,5.0,1
GitHub,alipatti,cv,727868633,TeX,120,0,0,0,2025-01-06T19:24:09Z,127.0,3
GitHub,Adoro,ProjectCosmosWebsite,910125602,Handlebars,567,0,0,0,2025-01-06T19:23:30Z,17.0,1
GitHub,singh-rohil,singh-rohil.github.io,909314413,HTML,19268,0,0,0,2025-01-06T19:23:23Z,8.0,1
GitHub,ihasp,Tour-Management,775378961,HTML,7152,0,0,0,2025-01-06T19:23:01Z,40.0,9
GitHub,oscarrdy,fresh-juice,909876924,JavaScript,40496,0,0,0,2025-01-06T19:22:53Z,7.0,1
GitHub,kvskarthikreddy,ML,893335361,Python,4185,0,0,0,2025-01-06T19:22:48Z,11.0,1
GitHub,BeliMoreta,Homework-responsive-week-1,912975521,HTML,4,0,0,0,2025-01-06T19:22:43Z,2.0,1
GitHub,alfariisyi,WEBSERVICEE,912975028,Dart,1191,0,0,0,2025-01-06T19:22:27Z,1.0,1
GitHub,yuliyasuvorova,consegna_maltego,912975391,,394,0,0,0,2025-01-06T19:22:11Z,1.0,1
GitHub,Retro52,mtoi-lab-3,885948030,Python,31,0,0,0,2025-01-06T19:22:02Z,10.0,1
GitHub,kali123-3,DesignPattern,908016929,Java,4,0,0,0,2024-12-24T22:04:19Z,1.0,1
GitHub,ThienD4618,SQL-Projects,908013055,,2,0,0,0,2024-12-24T22:04:13Z,2.0,1
GitHub,AmirAbbas-Mashayekhi,skills-copilot-codespaces-vscode,908016964,,7,0,0,0,2024-12-24T22:03:44Z,2.0,1
GitHub,gyanendragiri,gyanendragiri,674845087,,3,0,0,0,2024-12-24T22:03:22Z,4.0,2
GitHub,vega2006,uber,907259941,JavaScript,78,0,0,0,2024-12-24T22:03:13Z,6.0,2
GitHub,david-aguiyi,bbrett,907770537,CSS,2440,0,0,0,2024-12-24T22:02:58Z,11.0,1
GitHub,IshanNikeshalaNawarathna,Broad-Cast-Receiver,907784523,Java,107,0,0,0,2024-12-24T22:02:55Z,6.0,1
GitHub,ghofranehmema,TP1,908012848,JavaScript,693,0,0,0,2024-12-24T22:02:48Z,3.0,1
GitHub,gyural,SpringSecurityWithJWT,902920506,Java,67,0,0,0,2024-12-24T22:02:37Z,7.0,1
GitHub,WilliamRivasR,Pintura-de-gato,908016669,CSS,2,0,0,0,2024-12-24T22:02:24Z,1.0,1
GitHub,bpmine,minou_uino,334638322,C++,12685,0,1,0,2024-12-24T22:02:24Z,56.0,2
GitHub,BoineeloRapoo123,BoineeloRapoo123,908016698,,0,0,0,0,2024-12-24T22:01:54Z,,1
GitHub,se1yu,Sylveon-NFC-Keychain,908011397,,795,0,0,0,2024-12-24T22:01:53Z,8.0,1
GitHub,chaimaaskri,LamaAI-Chatbot,907975974,Python,5,0,0,0,2024-12-24T22:01:34Z,4.0,1
GitHub,mazenabdelgawad700,TicTacToeGame,907955030,C++,266,0,0,0,2024-12-24T22:01:32Z,3.0,1
GitHub,myomeroz,homeas,908013779,,5,0,0,1,2024-12-24T22:01:21Z,4.0,2
GitHub,mohdabrar1385,Isabella,907978485,CSS,52,0,0,0,2024-12-24T22:01:20Z,2.0,1
GitHub,MouadHallaffou,FUT-Champions-Content-Manager,903368951,PHP,403,1,0,0,2024-12-24T22:00:53Z,28.0,1
GitHub,anton-tsvayer,Snake_Game,907999680,JavaScript,8200,0,0,0,2024-12-24T22:00:47Z,3.0,1
GitHub,iqo,rust-chip8,907755425,Rust,16,0,0,0,2024-12-24T22:00:03Z,12.0,1
GitHub,ClintasaurusRex,tldr,849577962,JavaScript,3017,1,0,0,2024-12-24T21:59:57Z,209.0,17
GitHub,DeyPoulomi-cmd,HR-Employee-Attrition-Case,908015110,Jupyter Notebook,12734,0,0,0,2024-12-24T21:59:49Z,4.0,1
GitHub,murtzy,tugas-project,904701213,PHP,7210,0,1,1,2024-12-24T21:59:47Z,9.0,1
GitHub,cfatis,prueba,895942161,,80,0,0,0,2024-12-24T21:58:53Z,15.0,1
GitHub,nelzone1,portfolio-technel,908014938,TypeScript,44,0,0,0,2024-12-24T21:57:07Z,1.0,1
GitHub,BojanMirosavljevic,NISGameJam,899742721,C#,339661,0,0,0,2024-12-24T21:56:53Z,28.0,1
GitHub,michaelxu14,Binary-Tree,908015794,Java,17,0,0,0,2024-12-24T21:56:39Z,1.0,1
GitHub,engmhajj,DatingApp,908012968,C#,7,0,0,0,2024-12-24T21:55:25Z,1.0,1
GitHub,Smiley876,functions,908015378,HTML,1,0,0,0,2024-12-24T21:55:13Z,1.0,1
GitHub,FadliStev,UcpRoomDatabase_0131,905098916,Kotlin,173,0,0,0,2024-12-24T21:54:37Z,36.0,1
GitHub,Camofez,Reporte-Fundaci-n-Potenciar-Solidario-Nov-2024-,908014926,,2,0,0,0,2024-12-24T21:53:38Z,2.0,1
GitHub,Climate-Action-Agency,.github,908014841,,2,0,0,0,2024-12-24T21:53:25Z,3.0,1
GitHub,Celio-Junior,Celio-junior,788166514,,10,0,0,0,2024-12-24T21:53:14Z,6.0,1
GitHub,Dpatel0805693,d,908015131,,0,0,0,0,2024-12-24T21:52:55Z,,1
GitHub,capprinha,projeto_bootstrap,908014842,HTML,1935,0,0,0,2024-12-24T21:52:41Z,1.0,1
GitHub,JoaoVic7or,RAM-Pressure-Monitor,897996752,Swift,380,2,0,0,2024-12-24T21:52:18Z,13.0,1
GitHub,Tapper-10,FischOBF,903803325,,202,0,0,0,2024-12-24T21:52:10Z,6.0,1
GitHub,Bug-Hunter-X,Segmentation-Fault-in-Assembly-due-to-Unchecked-Memory-Access-1ihev,908014965,Assembly,1,0,0,0,2024-12-24T21:52:06Z,3.0,1
GitHub,renemakoule,minatoproductpay,908011038,TypeScript,8771,0,0,0,2024-12-24T21:51:28Z,1.0,1
GitHub,vladum2,-.txt,908014523,,1,0,0,0,2024-12-24T21:51:25Z,1.0,1
GitHub,HeitorMancini,CryptoVegas_TCC,577120321,HTML,7308,0,0,0,2024-12-24T21:51:24Z,6.0,1
GitHub,Nssar4,project,908014804,,0,0,0,0,2024-12-24T21:51:11Z,,1
GitHub,zubairrajput786,zubairrajput786,908014791,,0,0,0,0,2024-12-24T21:51:05Z,,1
GitHub,iosudi,JPS_,851832948,HTML,83142,0,1,0,2024-12-24T21:50:31Z,61.0,1
GitHub,NickSterALPHA,RecommenderProject,904313037,Jupyter Notebook,879,0,0,0,2024-12-24T21:50:07Z,2.0,1
GitHub,Anjali1609,Anjali1609,551537701,,13,0,0,0,2024-12-24T21:49:33Z,5.0,1
GitHub,Lisx5JP,Lisx5JP.github.io,569282484,HTML,175,0,0,0,2024-12-24T21:49:30Z,69.0,2
GitHub,Vikashyadav1834,web,908013396,JavaScript,50,0,0,0,2024-12-24T21:49:09Z,2.0,1
GitHub,Talha-24,QR_CODE_GENERATOR..,908013537,CSS,3,0,0,0,2024-12-24T21:48:56Z,2.0,1
GitHub,CHYRLIANE,movies-dataset-1,908014320,Python,3006,0,0,0,2024-12-24T21:48:29Z,1.0,1
GitHub,JayAlmeidaIT,osticket-prereqs,905408668,,10,0,0,0,2024-12-24T21:48:09Z,5.0,1
GitHub,jaebchoi,test-192,908014195,Java,61,0,0,0,2024-12-24T21:47:54Z,1.0,1
GitHub,OlegSh1,-sprint_6,908014101,,33,0,0,0,2024-12-24T21:53:11Z,1.0,2
GitHub,ilyawarh,virpipe,902051646,Python,169134,0,0,0,2024-12-24T21:47:11Z,19.0,2
GitHub,Yura42,new_pay,907994783,,65,0,0,0,2024-12-24T21:46:44Z,7.0,1
GitHub,camorgado,chloemorgado,904810360,HTML,2306,0,0,0,2024-12-24T21:46:43Z,16.0,1
GitHub,rorycl,mboxfilterer,906739996,Go,38,0,0,0,2024-12-24T21:46:40Z,17.0,1
GitHub,camila344,katalogtutaj05,908013928,HTML,2,0,0,0,2024-12-24T21:46:40Z,1.0,1
GitHub,LucasGuthierre,Anoes,663772648,CSS,220,0,0,0,2024-12-24T21:46:18Z,2.0,1
GitHub,AllenJAG,Topicos-en-ML-y-DeepLearning,907604712,Jupyter Notebook,5738,0,0,0,2024-12-24T21:45:49Z,14.0,1
GitHub,weltonclima,go-barber-nestjs,905316344,TypeScript,101,0,0,0,2024-12-24T21:45:45Z,8.0,1
GitHub,MateusRoch,sistema_carrinho_compras,907992238,Python,32,0,0,0,2024-12-24T21:45:40Z,7.0,1
GitHub,zakariya867,ZM,907937326,Python,38,0,0,0,2024-12-24T21:45:33Z,23.0,1
GitHub,CLARENCIO7,loader3,908013668,,0,0,0,0,2024-12-24T21:44:54Z,,1
GitHub,Thoq-jar,AxiomOS,906828760,HTML,6053,0,0,5,2025-02-04T18:06:20Z,17.0,6
GitHub,MiSFiTS6343,misfits6343.github.io,908013551,,0,0,0,0,2024-12-24T21:44:12Z,,1
GitHub,Shinjosandy,my_repo2,908013524,,0,0,0,0,2024-12-24T21:44:03Z,1.0,1
GitHub,Javad136466,Javad136466,908013503,,0,0,0,0,2024-12-24T21:43:57Z,,1
GitHub,ijs77,ngentot,611893000,CSS,826,0,0,0,2024-12-24T21:43:54Z,87.0,1
GitHub,mmmadesa,join-purchases,907800113,,38148,0,0,0,2024-12-24T21:43:28Z,6.0,1
GitHub,JohnKyonSmith,iwachan-android,236863888,Python,36,0,0,0,2024-12-24T21:43:23Z,6.0,1
GitHub,TrungKien0206,BT5,908013121,HTML,2,0,0,0,2024-12-24T21:43:17Z,1.0,1
GitHub,DeyPoulomi-cmd,Diabetes_Risk_Prediction,907627865,Jupyter Notebook,1205,0,0,0,2024-12-24T21:43:00Z,7.0,1
GitHub,RuchitJathania,NYC-Parking-Violations-Prediction-Model,907611844,Python,337,0,0,0,2024-12-24T21:42:08Z,8.0,1
GitHub,callumfairbairn,advent-of-code,603464360,Kotlin,168,0,0,0,2024-12-24T21:42:02Z,78.0,1
GitHub,slavndn,javadoc,908012735,Java,4054,0,0,0,2024-12-24T21:42:01Z,2.0,1
GitHub,MikeAtom,TSMC-Craft,846463871,,55220,0,0,0,2024-12-24T21:41:54Z,32.0,1
GitHub,Vamsikrishna9797,Netflix-Landing-Page-Clone,908012738,HTML,10,0,0,0,2024-12-24T21:41:41Z,4.0,1
GitHub,RamiroC05,HotelGarrax,908013098,,0,0,0,0,2024-12-24T21:41:32Z,,1
GitHub,Jaymeet2003,Levant-store,904903768,HTML,77108,0,0,0,2024-12-24T21:41:20Z,35.0,2
GitHub,Dhevadharshan,Webee,908012683,HTML,2,0,0,0,2024-12-24T21:41:20Z,1.0,1
GitHub,chittagong-stack,chittagong-stack,908012942,,0,0,0,0,2024-12-24T21:40:33Z,,1
GitHub,arx-tools,arx-convert,293961576,TypeScript,1638,2,1,1,2024-12-24T21:40:29Z,460.0,1
GitHub,RaphaeIII,RaphaeIII,449241066,,2,0,0,0,2024-12-24T21:39:52Z,2.0,1
GitHub,AwaIIenceCode,recursion,908012638,C++,5,0,0,0,2024-12-28T18:23:54Z,1.0,10
GitHub,01KhaliDo,First,908010787,,0,0,0,0,2024-12-24T21:39:06Z,1.0,1
GitHub,SChaudhary2020,minitest-calculator,908005004,Ruby,3,0,0,0,2024-12-24T21:38:43Z,2.0,1
GitHub,TalSharoni,Galaxy-CNN-Classifier,907617334,Jupyter Notebook,863,0,0,0,2024-12-24T21:38:35Z,6.0,1
GitHub,ALEJANDROTH,techsavers-website.,908004613,HTML,10,0,0,0,2024-12-24T21:37:56Z,6.0,2
GitHub,Rohan-Kumar09,Chess-React,908010889,JavaScript,14988,0,0,0,2024-12-24T21:37:49Z,12.0,1
GitHub,eneskanbur,DatabaseSearcher,908011387,Java,2414,0,0,0,2024-12-24T21:36:42Z,4.0,1
GitHub,fernandomesa2000,Coursera-JS,908011827,,0,0,0,0,2024-12-24T21:36:39Z,1.0,1
GitHub,JoaquinAmalgama,bluetoothtestRN,905807539,TypeScript,313,0,0,0,2024-12-24T21:36:38Z,12.0,1
GitHub,tycoi2005,nextjs-ai-chatbot-tham01,908012189,TypeScript,371,0,0,0,2024-12-24T21:36:35Z,1.0,1
GitHub,PavelAKl,module_2_3,908011839,Python,0,0,0,0,2024-12-24T21:34:51Z,1.0,1
GitHub,k3cman,temp-lab-track,908011565,JavaScript,584,0,0,0,2024-12-24T21:34:43Z,1.0,1
GitHub,george-bobby,weather-app,495683113,JavaScript,10,0,0,1,2024-12-24T21:32:41Z,4.0,2
GitHub,DmytroSukrut,Resume,908009772,,0,0,0,0,2024-12-24T21:23:12Z,1.0,1
GitHub,Yusuf-Najeeb,ims_elect,866212254,TypeScript,274,0,0,0,2024-12-24T21:23:03Z,58.0,1
GitHub,Aaron2599,FTD,908006437,,6746,0,0,0,2024-12-24T21:09:41Z,1.0,1
GitHub,dustinguillemin,dustinguillemin.github.io,297474875,CSS,181423,0,0,0,2025-01-21T17:29:19Z,135.0,1
GitHub,souravgit21,MLProject2,920164569,Jupyter Notebook,4350,0,0,0,2025-01-21T17:29:15Z,1.0,1
GitHub,zidehsaraee,sidebar-menu,920171159,HTML,1,0,0,0,2025-01-21T17:29:11Z,1.0,1
GitHub,jackpuncochar,hamelhawks,802633362,HTML,48109,0,0,0,2025-01-21T17:29:09Z,128.0,1
GitHub,mohit1465,HelpDesk.github.io,820505345,JavaScript,8919,1,0,0,2025-01-21T17:29:05Z,38.0,1
GitHub,channakeshava123,Myrepo-05,914226036,,11,0,0,0,2025-01-21T17:28:55Z,11.0,1
GitHub,taanya-d,Festive-Campaign-Analysis,920170180,Jupyter Notebook,1068,0,0,0,2025-01-21T17:28:54Z,2.0,1
GitHub,rachelgla,js-lesson12,920169957,JavaScript,0,0,0,0,2025-01-21T17:28:53Z,1.0,1
GitHub,BakdauletBolat,info-map-backend,819052218,Python,1166,0,0,0,2025-01-21T17:28:50Z,41.0,1
GitHub,emircihangir,batch-renamer-2.0,916577576,Dart,229,0,0,0,2025-01-21T17:28:48Z,50.0,1
GitHub,Barbmoura,devocional_diario,890592873,C#,11,0,0,0,2025-01-21T17:28:44Z,2.0,1
GitHub,RajivsaicharanP,Rajiv,920167355,,12454,0,0,0,2025-01-21T17:28:42Z,1.0,1
GitHub,rhtap-rhdh-qe,w17guu5zu-java-springboot,920171268,Dockerfile,20,0,0,0,2025-01-21T17:28:39Z,2.0,1
GitHub,puyopuyoclover,Revisao2024,919565260,C#,92,0,0,0,2025-01-21T17:28:31Z,10.0,1
GitHub,Ryuski2003,Altium_PCB_Project,920171740,,2082,0,0,0,2025-01-21T17:28:30Z,2.0,1
GitHub,RamaRamdani03,TESTING_PAW_ADD,920171570,JavaScript,0,0,0,0,2025-01-21T17:28:13Z,1.0,1
GitHub,SpaceUi-oficial,pulsating-waves-SpaceUi-22,920171564,HTML,1,0,0,0,2025-01-21T17:28:07Z,2.0,2
GitHub,KenyonEvangelista,MAD-Fundamentals,920166461,Kotlin,101,0,0,0,2025-01-21T17:28:04Z,1.0,1
GitHub,Raphael00-1,s7l2,920171219,,1130,0,0,0,2025-01-21T17:28:03Z,1.0,1
GitHub,MikhailGrv,architecture-sprint-6,920166019,,1174,0,0,1,2025-02-02T13:01:26Z,1.0,2
GitHub,abendayan,orm,458188751,JavaScript,415,0,0,4,2025-01-27T14:51:43Z,57.0,5
GitHub,webpack-contrib,imports-loader,6563905,JavaScript,3097,521,63,0,2025-01-21T17:27:59Z,168.0,1
GitHub,4GeeksAcademy,bhgeeky-tutorial-endpoint,920171016,Python,14078,0,0,0,2025-01-21T17:27:55Z,78.0,5
GitHub,Ferdous110,node.js,920063311,HTML,294,0,0,0,2025-01-21T17:27:37Z,4.0,1
GitHub,HARI-3333,Car_handle,834399843,Python,3,0,0,0,2025-01-21T17:27:34Z,3.0,1
GitHub,Fernandonov21,create_products,920170950,Python,28214,0,0,0,2025-01-21T17:27:27Z,2.0,1
GitHub,elomwarren,Bank-Mgmt-System-PyQt6-OracleLinuxServer,785309667,Python,637,0,0,0,2025-01-21T17:27:18Z,15.0,2
GitHub,DevExpress-Examples,chart-for-winforms-specify-a-map-projection,128576801,Visual Basic .NET,244,0,0,0,2025-01-21T17:27:15Z,35.0,2
GitHub,irfansood,Backend-Assignment-1,920168730,JavaScript,710,0,0,0,2025-01-21T17:27:15Z,1.0,1
GitHub,grupoinovesrv,Proposta-Marka,890934541,SCSS,1443,0,0,0,2025-01-21T17:26:54Z,3.0,1
GitHub,rock0407,functions,920170919,,0,0,0,0,2025-01-21T17:26:50Z,1.0,1
GitHub,WalterGrimes,OwnApp,909331489,JavaScript,227,0,0,0,2025-01-21T17:26:44Z,17.0,1
GitHub,santiagocharrisC,angular-bases,898128779,TypeScript,357,0,0,0,2025-01-21T17:26:41Z,6.0,1
GitHub,AnikDey-exe,ATSPro,803876773,Python,63506,0,0,0,2025-01-21T17:26:39Z,9.0,1
GitHub,AbinSurendran,Imagify.ai,920164498,JavaScript,1203,0,0,0,2025-01-22T08:48:58Z,1.0,2
GitHub,ivan006,2019-03-Notes,173361027,,2207,0,0,0,2025-01-21T17:26:34Z,472.0,1
GitHub,Kirthiga-D,avatar,920170717,,0,0,0,0,2025-01-21T17:26:26Z,1.0,1
GitHub,firmaannsyah,firwebsite,920164718,HTML,4,0,0,0,2025-01-21T17:26:24Z,3.0,1
GitHub,AdriCabado,P1.0-GDD,914559852,,6,0,0,0,2025-01-21T17:26:23Z,6.0,1
GitHub,cats1040,BE-I-TASKS,920169627,JavaScript,709,0,1,0,2025-01-21T17:26:22Z,2.0,1
GitHub,simontsao12,AI_LINE_Bot_Demo,919607024,,1051,0,0,0,2025-01-21T17:26:11Z,2.0,1
GitHub,Eliseu2246,skills-introduction-to-github,920170166,,786,0,0,0,2025-01-21T17:25:46Z,2.0,1
GitHub,muradek,Image-Processing-HW,920133590,Jupyter Notebook,10069,0,0,0,2025-01-21T17:25:43Z,2.0,1
GitHub,juandelgado,dersu-site,915713432,HTML,9094,0,0,0,2025-01-21T17:25:37Z,5.0,1
GitHub,medex256,VideoResearch,898911723,HTML,158,0,0,0,2025-01-21T17:25:35Z,20.0,1
GitHub,RaspiKidd,new_raspikidd,868956838,Vue,27871,0,0,0,2025-01-27T19:33:09Z,29.0,2
GitHub,Ddilibe,jobconnect,919994235,JavaScript,6130,0,0,0,2025-01-21T17:25:37Z,6.0,1
GitHub,SamarthKapoor1721,backend-assignments,920168442,,789,0,0,0,2025-01-21T17:25:29Z,2.0,1
GitHub,LeeHyunWon999,TP_encoding_SNN,804142517,Python,26116,0,0,0,2025-01-21T17:25:18Z,95.0,1
GitHub,temujin469,AiImageEditor,920145889,TypeScript,413,0,0,0,2025-01-21T17:25:18Z,3.0,1
GitHub,kaijif,kaijif.github.io,857974383,HTML,6306,0,0,0,2025-01-21T17:25:13Z,35.0,1
GitHub,Karent042,telegram-bot,920164606,,4,0,0,0,2025-01-21T17:25:01Z,1.0,1
GitHub,saadmanshakiib,DATABASE,896367882,,5572,0,0,0,2025-01-21T17:24:43Z,10.0,1
GitHub,vansh1293,Network-traffic-tracker,919068096,JavaScript,53,0,0,0,2025-01-21T17:24:37Z,8.0,1
GitHub,atnikos,teach,522083433,Python,8058,390,41,2,2025-01-21T17:24:35Z,55.0,1
GitHub,Rjain513,Functions,920169789,,0,0,0,0,2025-01-21T17:24:30Z,,1
GitHub,parich-noob,parichehr-project_script,910853886,SCSS,6325,0,0,0,2025-01-21T17:24:26Z,15.0,1
GitHub,Namrathaaaaaa,ChatMaadi_MERN,918999243,JavaScript,47068,0,0,0,2025-01-21T17:24:21Z,13.0,1
GitHub,maryamqadeer45,Maryam-Qadeer,920169671,,0,0,0,0,2025-01-21T17:24:14Z,,1
GitHub,Scufmax99,Scufmax99,920169371,,2,0,0,0,2025-01-22T16:34:28Z,1.0,2
GitHub,Agrima440,Email_Builder_Assignment_backend,920145252,JavaScript,20,0,0,0,2025-01-21T17:24:11Z,5.0,1
GitHub,Correr-Zhou,Awesome-Single-Positive-Multi-Label-Learning,568681129,,57,28,1,0,2025-01-21T17:24:09Z,16.0,1
GitHub,tupen45,chat-backend,920169355,JavaScript,2,0,0,0,2025-01-21T17:24:03Z,1.0,1
GitHub,fang3yuan,bot,920166835,,3,0,0,0,2025-01-21T17:23:57Z,2.0,1
GitHub,shay-ou,drop2,920148712,CSS,4,0,0,0,2025-01-21T17:23:54Z,2.0,1
GitHub,nhatminh333,Testhud,920168808,,1,0,0,0,2025-01-21T17:23:49Z,1.0,1
GitHub,JuliusRuseckas,quantum_book,564430746,TeX,13484,2,0,0,2025-01-21T17:23:47Z,233.0,1
GitHub,raviX007,manufacturing_prediction,920009776,Python,2436,0,0,0,2025-01-21T17:23:34Z,5.0,1
GitHub,Hashimmafthan,hi,920162547,HTML,398,0,0,0,2025-01-21T17:23:30Z,3.0,1
GitHub,Mohamed-Nabash,Data-Jobs-Analysis-Using-Excel,920166447,,6334,0,0,0,2025-01-21T17:23:29Z,4.0,1
GitHub,Kuan-Liu-Lab,causens,697076703,R,6196,1,0,15,2025-01-21T20:42:58Z,58.0,6
GitHub,david5let,donut-world,920163783,HTML,7,0,0,0,2025-01-21T17:23:24Z,6.0,1
GitHub,mad201802,asl-gokart,764337875,TypeScript,2514,3,0,9,2025-01-21T17:23:14Z,239.0,12
GitHub,caca112343,coc-112343.github.io,920155255,HTML,4,0,0,0,2025-01-21T17:23:13Z,3.0,1
GitHub,olegastra-git,py,920168463,Python,12,0,0,0,2025-01-21T17:23:01Z,2.0,1
GitHub,c21051997,c21051997,920168911,,3,0,0,0,2025-01-21T17:23:00Z,2.0,1
GitHub,yohan0223,day-217-01-21,920169099,,0,0,0,0,2025-01-21T17:22:59Z,,1
GitHub,Learner-Sandhiya,Learner-Sandhiya,919972844,,21,0,0,0,2025-01-21T17:22:54Z,13.0,1
GitHub,namankathuria21,functions,920168236,Jupyter Notebook,7,0,0,0,2025-01-21T17:22:52Z,2.0,1
GitHub,esasiela,hc-react-lib,913910236,TypeScript,250,0,0,0,2025-01-21T17:22:45Z,17.0,1
GitHub,glushea,Glushenkov,663437379,HTML,75708,0,0,0,2025-01-21T17:22:27Z,260.0,1
GitHub,Tata-Umesh,College_Admission_Cutoffs,800866334,Jupyter Notebook,2039,0,0,0,2025-01-21T17:22:23Z,4.0,1
GitHub,FCarlosPF,tecom-admin-back,920152447,Python,37975,0,0,0,2025-01-23T22:34:52Z,37.0,2
GitHub,luistara,AluraflixReactLuisTara,919815668,JavaScript,3105,0,0,0,2025-01-21T17:22:16Z,9.0,1
GitHub,ashlesha1111,git-demo,920019683,,2,0,0,0,2025-01-21T17:22:13Z,6.0,1
GitHub,sthefanyspina,SkinCancer,920157089,Jupyter Notebook,575,0,0,0,2025-01-21T17:22:06Z,3.0,1
GitHub,viral64,Learning,892582254,C#,13,0,0,0,2025-01-21T17:22:04Z,5.0,1
GitHub,Dev-0618,127.4.7.8,864648429,HTML,3130,1,0,0,2025-01-21T17:21:56Z,32.0,1
GitHub,Nikita-Naskalnyi,goit-markup-hw-05,918829430,HTML,187,0,0,0,2025-01-21T17:21:54Z,8.0,1
GitHub,suryaajith21,Language_Teacher_Chatbot,920164432,Python,9702,0,0,0,2025-01-21T17:21:41Z,1.0,1
GitHub,Titash-shil,Offloading-Financial-Mainframe-Data-into-BigQuery-and-Elastic-Search-GSP1153,917333480,Shell,8,0,0,0,2025-01-21T17:21:35Z,5.0,1
GitHub,Brianjzh,SQL-Housing-Analysis,920167095,Jupyter Notebook,403,1,0,0,2025-01-21T17:21:30Z,3.0,1
GitHub,gitrobertpm,fsjs-public-api-backup,242981679,JavaScript,2871,1,0,0,2025-01-21T17:21:36Z,26.0,1
GitHub,epicplayz2024-cyber,mern-blog,920168341,,0,0,0,0,2025-01-21T17:21:25Z,,1
GitHub,AlexTarasevich,Cat-cards,919033370,JavaScript,10772,0,0,0,2025-01-21T17:21:23Z,4.0,1
GitHub,anushruthgowda27,CC_Lab3,920163653,Python,31,0,0,0,2025-01-21T17:21:18Z,2.0,1
GitHub,kvutien,Doc-Machu_Picchu_White_Paper_Tutorial2023,591744398,,8821,3,0,0,2025-01-21T17:21:13Z,92.0,1
GitHub,stratpoint-engineering,.github,920161893,,2,0,0,0,2025-01-21T17:21:11Z,4.0,1
GitHub,Overlord-The-Sacred-Kingdom-Arabic-Subb,.github,920168103,,2,0,0,0,2025-01-21T17:21:08Z,2.0,1