platform,owner,repo,id,created,updated,default_branch,#stars,#forks
GitHub,SoliSpirit,proxy-list,892938900,2024-11-23T05:12:19Z,2025-05-08T12:03:06Z,main,16,7
GitHub,abshare,abshare.github.io,782778365,2024-04-06T02:34:10Z,2025-05-08T12:03:05Z,main,611,36
GitHub,aeriesAce,AI2_group_project,971223588,2025-04-23T07:41:20Z,2025-05-08T12:03:05Z,main,1,0
GitHub,santhoshrgit,santhoshrgit,949355620,2025-03-16T09:12:42Z,2025-05-08T12:03:03Z,main,0,0
GitHub,Arshp-svg,Leetcode-Solution,921539628,2025-01-24T06:18:00Z,2025-05-08T12:03:03Z,main,0,0
GitHub,asdsadsddas123,freev2raynode,965981189,2025-04-14T08:07:15Z,2025-05-08T12:03:03Z,main,26,1
GitHub,Asad-Zaidi,FacialDerma_AI,975422676,2025-04-30T09:36:22Z,2025-05-08T12:03:02Z,main,0,0
GitHub,sonata-project,SonataDoctrineMongoDBAdminBundle,2691475,2011-11-01T23:03:39Z,2025-05-08T12:03:02Z,4.x,64,95
GitHub,meatwork-project,meatwork-cmd,788930133,2024-04-19T11:18:05Z,2025-05-08T12:03:02Z,main,0,0
GitHub,anubiswb,api1,779962557,2024-03-31T09:43:43Z,2025-05-08T12:03:03Z,main,0,0
GitHub,ceferovrus,holbertonschool-unix,975462410,2025-04-30T10:59:19Z,2025-05-08T12:03:02Z,main,0,0
GitHub,freckle,stack-action,331030931,2021-01-19T15:50:44Z,2025-05-08T12:03:02Z,main,22,4
GitHub,OPSSinapi,production-dashboard,940847208,2025-02-28T22:51:36Z,2025-05-08T12:03:02Z,main,0,0
GitHub,AlldDev,alld.dev,927995154,2025-02-05T22:06:08Z,2025-05-08T12:03:02Z,main,1,3
GitHub,StateDocuments,NorthDakota-public,676636760,2023-08-09T16:48:04Z,2025-05-08T12:03:02Z,main,0,0
GitHub,iniadittt,iniadittt,967938310,2025-04-17T08:35:20Z,2025-05-08T12:03:06Z,main,2,0
GitHub,Fuuhou,tes,844101737,2024-08-18T11:45:53Z,2025-05-08T12:03:02Z,main,0,0
GitHub,cemilalp02,cemilalp02.github.io,936055906,2025-02-20T13:08:26Z,2025-05-08T12:03:02Z,main,0,0
GitHub,Armiinygh,Shallowing-NN,973694570,2025-04-27T14:44:45Z,2025-05-08T12:03:02Z,main,0,0
GitHub,shannondill,GEOG5990M,954609173,2025-03-25T10:47:58Z,2025-05-08T12:03:02Z,main,0,0
GitHub,paulyuan1219canada,cookbook,685834392,2023-09-01T05:50:18Z,2025-05-08T12:03:02Z,main,2,1
GitHub,wingsofphoenix2013,trading-platform,965541898,2025-04-13T11:53:03Z,2025-05-08T12:03:02Z,main,0,0
GitHub,zakiboy979,Macsploit-Executor,952120320,2025-03-20T19:06:22Z,2025-05-08T12:03:02Z,master,0,0
GitHub,asdsadsddas123,freevpn,964320223,2025-04-11T03:06:41Z,2025-05-08T12:03:02Z,main,130,11
GitHub,KagurazakaNyaa,soulmask-docker,808387691,2024-05-31T01:08:46Z,2025-05-08T12:03:01Z,main,9,2
GitHub,Operator2024,Operator2024,487838843,2022-05-02T12:37:24Z,2025-05-08T12:03:01Z,master,1,0
GitHub,AloisioPjr,KitchnSync,944011263,2025-03-06T16:29:04Z,2025-05-08T12:03:01Z,main,0,0
GitHub,globalimagess,nvperp,859797842,2024-09-19T09:46:55Z,2025-05-08T12:03:01Z,main,0,0
GitHub,zhaofengdadezu,API,916458585,2025-01-14T06:13:17Z,2025-05-08T12:03:01Z,main,0,0
GitHub,Bishan-Pankaja,test,953642403,2025-03-23T20:18:10Z,2025-05-08T12:03:01Z,main,0,0
GitHub,ShaniHalali,Final-Project-TourTrack-app,963166087,2025-04-09T09:02:01Z,2025-05-08T12:03:01Z,main,0,1
GitHub,M360-ICT-App-Team,all_version_manager,926348314,2025-02-03T04:47:56Z,2025-05-08T12:03:01Z,main,0,1
GitHub,MPDL,PubManAdmin,97804141,2017-07-20T07:25:03Z,2025-05-08T12:03:01Z,master,2,0
GitHub,terencetaothucb,ERCOT-DataCrawler,965378556,2025-04-13T03:03:28Z,2025-05-08T12:03:01Z,main,3,0
GitHub,saicharan1324,Roblox-Argon,952118897,2025-03-20T19:03:15Z,2025-05-08T12:03:01Z,master,0,0
GitHub,foclabroc,toolbox,948907016,2025-03-15T08:20:59Z,2025-05-08T12:03:01Z,main,0,0
GitHub,eclipse-ecsp,services-dependencies,968020868,2025-04-17T11:24:40Z,2025-05-08T12:03:01Z,main,0,0
GitHub,Gibasa,ludmila_garcia,760490361,2024-02-20T14:16:42Z,2025-05-08T12:03:01Z,main,0,0
GitHub,MetaMask,eth-phishing-detect,99178995,2017-08-03T01:57:18Z,2025-05-08T12:03:00Z,main,1169,986
GitHub,bugbounted,auto-commit,668295420,2023-07-19T13:23:18Z,2025-05-08T12:03:00Z,master,7,3
GitHub,jonjnicholson,jonjnicholson.github.io,190493584,2019-06-06T01:29:46Z,2025-05-08T12:03:05Z,master,0,0
GitHub,shaehabultra,test,970201570,2025-04-21T16:34:47Z,2025-05-08T12:03:00Z,main,0,0
GitHub,Gitoniyey,Labconnect,975464209,2025-04-30T11:03:27Z,2025-05-08T12:03:00Z,master,0,0
GitHub,OmarSamirr,ECommerce-API,974034710,2025-04-28T06:51:58Z,2025-05-08T12:03:00Z,master,0,0
GitHub,ilan-uzan,galacticdefendersv2,972671550,2025-04-25T13:13:39Z,2025-05-08T12:03:00Z,main,1,1
GitHub,yraeonti,Avital-care,713116768,2023-11-01T21:47:53Z,2025-05-08T12:03:00Z,main,0,0
GitHub,Hojaeaga,replyguy,975676564,2025-04-30T17:55:27Z,2025-05-08T12:03:00Z,main,0,0
GitHub,aws-aemilia-gru,Github-PR-Commit-Integration-Test-DoNotTouch-GitH-6PGWNX3K-v1-preprod-sa-east-1,935100315,2025-02-18T22:47:37Z,2025-05-08T12:03:00Z,main,0,0
GitHub,yuepaang,yuepaang,292229224,2020-09-02T08:48:20Z,2025-05-08T12:03:00Z,master,0,0
GitHub,kai-yu,revo-live-count,887623021,2024-11-13T01:57:15Z,2025-05-08T12:03:00Z,main,0,0
GitHub,Beer-c,VaarwegDashboard,872358377,2024-10-14T09:51:16Z,2025-05-08T12:03:00Z,main,0,0
GitHub,meatwork-project,meatwork-rpc,793057416,2024-04-28T10:01:03Z,2025-05-08T12:02:59Z,main,0,0
GitHub,relund,riverdata,236960626,2020-01-29T10:50:38Z,2025-05-08T12:02:59Z,master,0,0
GitHub,Nox998464,imagestorage,883545685,2024-11-05T06:41:45Z,2025-05-08T12:02:59Z,main,1,0
GitHub,saguiitay,CardinalityEstimation,30201635,2015-02-02T18:31:43Z,2025-05-08T12:02:59Z,master,95,32
GitHub,D4n1eI,Human-Computer-Interaction-High-Fidelity-Prototype,963863866,2025-04-10T10:25:27Z,2025-05-08T12:02:59Z,main,0,0
GitHub,lorenzo132,A-06-U18,929984169,2025-02-09T20:55:24Z,2025-05-08T12:03:03Z,main,0,0
GitHub,Fasekiller937,Ronin-Executor,952110738,2025-03-20T18:45:57Z,2025-05-08T12:02:59Z,master,9,0
GitHub,milvus-io,milvus,208728772,2019-09-16T06:43:43Z,2025-05-08T12:02:59Z,master,34572,3190
GitHub,ming1911228199,iodraw-files,974562517,2025-04-29T01:10:05Z,2025-05-08T12:03:05Z,main,0,0
GitHub,mmurray925,Enduring-Sound,975757984,2025-04-30T21:11:12Z,2025-05-08T12:02:59Z,main,0,0
GitHub,BeratKARATAS53,BeratKARATAS53,619831172,2023-03-27T14:06:39Z,2025-05-08T12:02:59Z,main,0,0
GitHub,rbtech24,diagnose-flow-chat,933803584,2025-02-16T18:14:32Z,2025-05-08T12:02:59Z,main,0,0
GitHub,Gumodex,cred-modex,972711762,2025-04-25T14:29:23Z,2025-05-08T12:02:59Z,master,0,0
GitHub,Lex-DRL,Houdini-Vameon,570328836,2022-11-24T23:02:49Z,2025-05-08T12:02:59Z,main,0,0
GitHub,markpendlebury,ultrawide-wallpapers,676242495,2023-08-08T18:51:42Z,2025-05-08T12:03:06Z,main,7,2
GitHub,zirisdeveloper,tagify-contacts,955238888,2025-03-26T10:28:40Z,2025-05-08T12:02:58Z,main,0,0
GitHub,CJorrr,Roblox-Ronin,952111294,2025-03-20T18:47:06Z,2025-05-08T12:02:58Z,master,0,0
GitHub,hmcts,cnp-flux-config,172700355,2019-02-26T11:40:39Z,2025-05-08T12:02:58Z,master,29,19
GitHub,100559155,MLA-Final-Project,958044552,2025-03-31T14:53:09Z,2025-05-08T12:02:58Z,main,0,0
GitHub,nhoizey,nicolas-hoizey.com,26288807,2014-11-06T20:35:24Z,2025-05-08T12:02:58Z,main,96,36
GitHub,yaelren,TypographySketches,973588461,2025-04-27T10:09:44Z,2025-05-08T12:02:58Z,main,0,0
GitHub,Atmizz,iodraw-files,969142185,2025-04-19T13:38:03Z,2025-05-08T12:03:05Z,main,0,0
GitHub,pablopl94,QuizzDAW,953446023,2025-03-23T11:45:24Z,2025-05-08T12:02:58Z,gh-pages,3,0
GitHub,ErcinDedeoglu,proxies,569617312,2022-11-23T08:33:21Z,2025-05-08T12:02:58Z,main,298,21
GitHub,kubeshop,testkube-cloud-charts,556222859,2022-10-23T10:58:18Z,2025-05-08T12:02:58Z,main,0,4
GitHub,xdec-vsc,I-AM-MUSIC,881226241,2024-10-31T06:26:41Z,2025-05-08T12:02:58Z,winmeme,0,0
GitHub,maxnowack,blend,754704288,2024-02-08T16:00:17Z,2025-05-08T12:02:58Z,main,14,0
GitHub,atenzza,Roblox-Zenith,952110058,2025-03-20T18:44:33Z,2025-05-08T12:02:58Z,master,0,0
GitHub,lucasfelipecastro,csharp-exercises,955919080,2025-03-27T12:08:21Z,2025-05-08T12:02:58Z,main,0,0
GitHub,franceme,franceme.github.io,202466467,2019-08-15T03:19:28Z,2025-05-08T12:02:58Z,master,0,1
GitHub,brave,brave-core,110198384,2017-11-10T03:33:30Z,2025-05-08T12:02:58Z,master,2700,965
GitHub,Chayve123,Nezur,952112832,2025-03-20T18:50:27Z,2025-05-08T12:02:58Z,master,27,0
GitHub,Sannteen,BiteWiseWeb2,963627643,2025-04-10T01:09:57Z,2025-05-08T12:02:58Z,master,0,0
GitHub,a4q6,etrading,968344806,2025-04-17T23:32:43Z,2025-05-08T12:02:58Z,main,0,0
GitHub,ThomasPlas,projTech,971991602,2025-04-24T11:22:03Z,2025-05-08T12:02:57Z,main,0,0
GitHub,JacobFV,JacobFV,484467586,2022-04-22T14:40:08Z,2025-05-08T12:02:57Z,main,1,0
GitHub,unsanasyta,Praktikum-PBO-2025,936409960,2025-02-21T03:16:12Z,2025-05-08T12:02:57Z,main,0,0
GitHub,Juan106720,Aimmy,952111569,2025-03-20T18:47:44Z,2025-05-08T12:02:57Z,master,15,0
GitHub,c0utin,all-for-one,801831453,2024-05-17T02:05:19Z,2025-05-08T12:02:57Z,main,0,0
GitHub,jpudysz,react-native-unistyles,699781382,2023-10-03T10:27:27Z,2025-05-08T12:02:57Z,main,2085,69
GitHub,Kuroki-Narumi,BmsMaker3-Manual,965389948,2025-04-13T03:53:28Z,2025-05-08T12:02:57Z,main,0,0
GitHub,DannyNgLiuu,scikit-filtering,941619846,2025-03-02T18:01:31Z,2025-05-08T12:02:57Z,main,0,0
GitHub,meatwork-project,meatwork-core,788929880,2024-04-19T11:17:32Z,2025-05-08T12:02:57Z,main,0,0
GitHub,PotatoesSkill,zelf,729539212,2023-12-09T14:51:49Z,2025-05-08T12:02:57Z,main,0,0
GitHub,Modolet,nvim,760272542,2024-02-20T05:25:44Z,2025-05-08T12:02:57Z,master,0,0
GitHub,hbuyse,deployment-ansible,863414467,2024-09-26T08:55:23Z,2025-05-08T12:02:57Z,main,1,0
GitHub,rgbkrk,bcycle-santa-cruz,713182159,2023-11-02T02:07:54Z,2025-05-08T12:02:57Z,main,1,0
GitHub,gbetorre,rischi,478935862,2022-04-07T10:30:50Z,2025-05-08T12:02:57Z,main,1,0
GitHub,jgat0054,greenhouse-data,934914231,2025-02-18T15:55:59Z,2025-05-08T12:02:57Z,main,0,0
GitHub,zZMiltonZz,venture-hours,956696341,2025-03-28T17:41:43Z,2025-05-08T12:02:57Z,main,0,0
GitHub,nicholaswilde,nicholaswilde,295967252,2020-09-16T08:11:56Z,2025-05-08T12:02:56Z,main,0,0
GitHub,Piattaforme-Applicativi,soul-docs,944376084,2025-03-07T08:39:29Z,2025-05-08T12:02:56Z,main,0,0
GitHub,1Ssalih,In_Class_Activity,936064346,2025-02-20T13:23:47Z,2025-05-08T12:03:08Z,main,0,0
GitHub,Diego-gt-phys,DANTE,924898412,2025-01-30T20:54:24Z,2025-05-08T12:02:56Z,main,0,0
GitHub,atmoner,cosmos-richlist,762426993,2024-02-23T18:56:35Z,2025-05-08T12:02:56Z,main,0,0
GitHub,elmalba,data,779342391,2024-03-29T16:00:35Z,2025-05-08T12:02:56Z,main,0,0
GitHub,taga3s,rss-generator,939670887,2025-02-26T23:07:22Z,2025-05-08T12:02:56Z,main,1,0
GitHub,zwang20,honours-data-3,971119579,2025-04-23T03:38:56Z,2025-05-08T12:03:07Z,master,0,0
GitHub,jamktiko,ryhma-kolme,971366790,2025-04-23T12:17:55Z,2025-05-08T12:02:56Z,develop,0,0
GitHub,CiaoMoro1,gestionale-backend,975469426,2025-04-30T11:13:43Z,2025-05-08T12:02:56Z,main,0,0
GitHub,meatwork-project,meatwork-test,789452089,2024-04-20T15:34:16Z,2025-05-08T12:02:56Z,main,0,0
GitHub,VirtualPinballSpreadsheet,vps-db,677402348,2023-08-11T13:37:40Z,2025-05-08T12:02:56Z,main,4,0
GitHub,stefan-niedermann,nextcloud-tables,617887624,2023-03-23T10:18:47Z,2025-05-08T12:02:56Z,main,43,5
GitHub,themoritz,zigcount,973521219,2025-04-27T06:58:13Z,2025-05-08T12:02:56Z,master,0,0
GitHub,ritikarora108,Studyora,971818857,2025-04-24T05:30:12Z,2025-05-08T12:02:56Z,main,0,0
GitHub,giacca90,sovereing-school,814807564,2024-06-13T18:42:32Z,2025-05-08T12:02:56Z,main,1,0
GitHub,Samandar4411,Samandar,951222617,2025-03-19T10:51:04Z,2025-05-08T12:02:56Z,main,0,0
GitHub,PoTOsuA,Velocity-Executor,952107780,2025-03-20T18:39:50Z,2025-05-08T12:02:55Z,master,21,0
GitHub,revk,FaikinRemote,972540714,2025-04-25T08:44:23Z,2025-05-08T12:02:55Z,main,0,0
GitHub,Tangyuan-X,ImgCloud,779981347,2024-03-31T10:59:43Z,2025-05-08T12:02:55Z,main,0,0
GitHub,MartinEnke,Masterblog_API,966719657,2025-04-15T10:58:07Z,2025-05-08T12:02:55Z,main,0,0
GitHub,Bdemmler32,Specialty2025-SAAG,974292639,2025-04-28T14:49:36Z,2025-05-08T12:02:55Z,main,0,0
GitHub,xingpingcn,enhanced-FaaS-in-China,768641029,2024-03-07T13:14:41Z,2025-05-08T12:02:55Z,main,2140,121
GitHub,davialmeida135,part-of-speech-tagging,975647809,2025-04-30T16:57:10Z,2025-05-08T12:02:55Z,main,0,0
GitHub,Facets-cloud,module-development-cli,938643926,2025-02-25T09:24:01Z,2025-05-08T12:02:55Z,main,0,1
GitHub,Markoss5,EFSI_TP4_Di_Carlo,974824218,2025-04-29T11:10:43Z,2025-05-08T12:02:55Z,main,0,0
GitHub,Seven45,pdm-ci,583341074,2022-12-29T13:42:30Z,2025-05-08T12:02:55Z,main,10,1
GitHub,xiaohuirong,lilac,618408163,2023-03-24T12:03:42Z,2025-05-08T12:02:55Z,main,0,0
GitHub,MalaysiaServerMC,Roblox-VegaX,952109396,2025-03-20T18:43:05Z,2025-05-08T12:02:55Z,master,0,0
GitHub,mancuoj-collective,remix-tmpl-atlaskit-tutorial,976188963,2025-05-01T16:54:54Z,2025-05-08T12:02:55Z,main,0,0
GitHub,XNBlank,XNBlank,328984690,2021-01-12T12:47:12Z,2025-05-08T12:02:55Z,main,0,1
GitHub,illegalcounterfeitdrugcasino,coolstuff,975744505,2025-04-30T20:34:42Z,2025-05-08T12:02:55Z,main,0,0
GitHub,Chipie01,Roblox-JJSploit,952108612,2025-03-20T18:41:30Z,2025-05-08T12:02:55Z,master,0,0
GitHub,Lilman12513,Zenith-Executor,952109795,2025-03-20T18:43:58Z,2025-05-08T12:02:55Z,master,12,0
GitHub,cayden2068,Roblox-Zorara,952106373,2025-03-20T18:36:48Z,2025-05-08T12:02:55Z,master,0,0
GitHub,Sharlee18,Sitewebpuzzlepaint,916173574,2025-01-13T15:40:56Z,2025-05-08T12:02:55Z,main,0,0
GitHub,jessicahae,im2_git,965981477,2025-04-14T08:07:51Z,2025-05-08T12:02:55Z,main,0,1
GitHub,alphagov,govuk-helm-charts,405026690,2021-09-10T09:29:52Z,2025-05-08T12:02:54Z,main,18,4
GitHub,Alexerby,msc-thesis-code,968594240,2025-04-18T11:15:41Z,2025-05-08T12:02:54Z,master,0,0
GitHub,meatwork-project,meatwork-event,795004105,2024-05-02T11:52:23Z,2025-05-08T12:02:54Z,main,0,0
GitHub,kokolodziejska,IWO,937750594,2025-02-23T20:04:27Z,2025-05-08T12:02:54Z,main,1,0
GitHub,joblib,threadpoolctl,177753680,2019-03-26T09:17:31Z,2025-05-08T12:02:54Z,master,372,31
GitHub,thuanbeohub,Roblox-Velocity,952108046,2025-03-20T18:40:23Z,2025-05-08T12:02:54Z,master,22,22
GitHub,KaelLim,JSONFile,718472131,2023-11-14T06:30:49Z,2025-05-08T12:02:54Z,main,0,0
GitHub,StateDocuments,SouthDakota-public,676637875,2023-08-09T16:50:50Z,2025-05-08T12:02:54Z,main,0,0
GitHub,Tarakqovsu7,Roblox-Ronix,952107576,2025-03-20T18:39:20Z,2025-05-08T12:02:54Z,master,0,0
GitHub,youssefsayari,internshipEspritplatformBack,930490654,2025-02-10T18:04:53Z,2025-05-08T12:02:54Z,main,1,0
GitHub,Katsukiw,VegaX-Executor,952109158,2025-03-20T18:42:36Z,2025-05-08T12:02:54Z,master,9,0
GitHub,JayNightmare,JayNightmare,894411042,2024-11-26T10:05:09Z,2025-05-08T12:02:54Z,main,1,1
GitHub,Mohammadasfour0743,BloodDonation,955874569,2025-03-27T10:36:55Z,2025-05-08T12:02:53Z,dev,1,6
GitHub,lee-0308,lee-0308.github.io,945789230,2025-03-10T06:03:19Z,2025-05-08T12:02:53Z,main,0,0
GitHub,wintersys-projects,adt-documentation,947136750,2025-03-12T08:02:23Z,2025-05-08T12:02:53Z,master,0,0
GitHub,uyuyuuyuyu,Seliware-Latest-Version,628391871,2023-04-15T19:59:32Z,2025-05-08T12:02:53Z,main,48,0
GitHub,codeby-nurgul,InclassActivities,927162837,2025-02-04T14:08:16Z,2025-05-08T12:02:53Z,main,0,0
GitHub,JatinBhatia-code,Thunder-Latest-Version,857539708,2024-09-14T23:10:21Z,2025-05-08T12:02:53Z,main,47,0
GitHub,Saleh7,BadTrafficData,892853621,2024-11-22T22:54:10Z,2025-05-08T12:02:53Z,main,3,0
GitHub,Mes0903,Mes0903,420385500,2021-10-23T10:49:55Z,2025-05-08T12:02:53Z,main,0,0
GitHub,algotables,algotables.github.io,494617035,2022-05-20T22:00:21Z,2025-05-08T12:02:53Z,main,5,2
GitHub,dajerr,Zorara-Latest-Version,784526028,2024-04-10T02:43:49Z,2025-05-08T12:02:53Z,main,47,0
GitHub,skldk,ai-gm,974641782,2025-04-29T04:59:24Z,2025-05-08T12:02:53Z,main,0,0
GitHub,weamshaheen,DataValidationProject,966611306,2025-04-15T07:28:57Z,2025-05-08T12:02:53Z,master,0,0
GitHub,AlexanderBarthe,EVA,963895069,2025-04-10T11:27:03Z,2025-05-08T12:02:53Z,master,0,0
GitHub,regro,cf-graph-countyfair,612270796,2023-03-10T15:11:07Z,2025-05-08T12:02:53Z,master,9,19
GitHub,akum2,akum2,348002433,2021-03-15T14:30:28Z,2025-05-08T12:03:06Z,main,1,1
GitHub,StageDog,sillytavern_stage_girls_doc,937667191,2025-02-23T16:13:55Z,2025-05-08T12:02:53Z,main,3,2
GitHub,labonimedia,content_LMS,765649536,2024-03-01T10:46:11Z,2025-05-08T12:02:53Z,master,0,0
GitHub,exorde-labs,TestnetProtocol,511095846,2022-07-06T10:44:29Z,2025-05-08T12:03:07Z,main,16,19
GitHub,mekatrol,imperium,964916430,2025-04-12T02:58:02Z,2025-05-08T12:02:52Z,main,0,0
GitHub,Tiwari2512,Swift-New-Version,764099728,2024-02-27T13:33:44Z,2025-05-08T12:02:52Z,main,47,0
GitHub,karen-kac,cpp02,944403176,2025-03-07T09:35:57Z,2025-05-08T12:02:52Z,master,0,0
GitHub,ArfinHasib,PortfolioV2025,972770386,2025-04-25T16:24:01Z,2025-05-08T12:02:52Z,main,0,0
GitHub,TheMegaMillion,tmt-winner-feed,972206214,2025-04-24T17:45:23Z,2025-05-08T12:02:52Z,main,0,0
GitHub,balaji,dotfiles,2422317,2011-09-20T12:56:45Z,2025-05-08T12:02:52Z,master,1,0
GitHub,yqns0,Athena-Latest-Version,939948283,2025-02-27T11:20:09Z,2025-05-08T12:02:52Z,main,47,0
GitHub,Trevor254,bicycle-collection-app,976257772,2025-05-01T19:32:01Z,2025-05-08T12:02:52Z,main,0,0
GitHub,nagarajp2004,leetcode,753233233,2024-02-05T18:14:07Z,2025-05-08T12:02:52Z,main,0,0
GitHub,Cegem-360,Form,952447925,2025-03-21T09:46:49Z,2025-05-08T12:02:52Z,main,0,0
GitHub,Simon4life,dev-links,720404800,2023-11-18T11:39:30Z,2025-05-08T12:02:52Z,main,0,0
GitHub,fortorange33,jgwalsh-net-rebuild,967710063,2025-04-16T22:02:05Z,2025-05-08T12:02:52Z,main,1,0
GitHub,GuilhermeMPCosta,GuilhermeMPCosta,554402002,2022-10-19T18:53:04Z,2025-05-08T12:02:52Z,main,0,0
GitHub,fabianneufang,fabianneufang,280630826,2020-07-18T10:13:32Z,2025-05-08T12:02:52Z,main,0,0
GitHub,supers4upen,Ronix-Executor,952107057,2025-03-20T18:38:16Z,2025-05-08T12:02:52Z,master,26,0
GitHub,kissmeagain1,Velocity-Latest-Version,961521623,2025-04-06T17:31:50Z,2025-05-08T12:02:52Z,main,47,0
GitHub,BigManatee,BigManatee,444553395,2022-01-04T20:25:10Z,2025-05-08T12:02:52Z,main,0,0
GitHub,kubelize,kube-projects,842953249,2024-08-15T13:16:05Z,2025-05-08T12:02:52Z,dev,2,0
GitHub,KevinLaux,GoodberrysFlavoroftheDay,232480178,2020-01-08T04:49:02Z,2025-05-08T12:02:52Z,master,0,0
GitHub,isyourbun33,Nihon-Latest-Version,500477478,2022-06-06T14:56:56Z,2025-05-08T12:02:52Z,main,47,0
GitHub,tongnie,ImputeFormer,733288791,2023-12-19T01:54:26Z,2025-05-08T12:02:51Z,main,41,1
GitHub,n8n-io,n8n,193215554,2019-06-22T09:24:21Z,2025-05-08T12:02:51Z,master,90502,24796
GitHub,nightshiftzee1,scenario-4-draw,932114716,2025-02-13T11:45:15Z,2025-05-08T12:02:51Z,main,0,0
GitHub,kineticadb,charts,627245064,2023-04-13T04:30:26Z,2025-05-08T12:02:51Z,master,0,0
GitHub,phixion,phixion,334303146,2021-01-30T01:30:50Z,2025-05-08T12:02:51Z,master,6,1
GitHub,Abbas0vv,ProniaWeb,975940917,2025-05-01T07:19:20Z,2025-05-08T12:02:51Z,main,0,0
GitHub,aws-aemilia-icn,Github-PR-Commit-Integration-Test-DoNotTouch-GitH-6PGWNX3K-v1-prod-ap-northeast-2,939081965,2025-02-26T00:47:34Z,2025-05-08T12:02:51Z,main,0,0
GitHub,DimShpInt,HomeLibrary,698356342,2023-09-29T18:20:56Z,2025-05-08T12:02:51Z,main,0,0
GitHub,amarillonmc,no81cards,195488567,2019-07-06T02:28:10Z,2025-05-08T12:02:51Z,master,6,8
GitHub,pphatdev,pphatdev,765077569,2024-02-29T08:37:51Z,2025-05-08T12:02:51Z,main,2,2
GitHub,mamsky,be-porto,974024795,2025-04-28T06:32:34Z,2025-05-08T12:02:51Z,master,0,0
GitHub,YukaMatsumura,express,972010928,2025-04-24T11:59:25Z,2025-05-08T12:02:51Z,main,0,0
GitHub,strozoid,Ecchi,814075105,2024-06-12T09:40:12Z,2025-05-08T12:02:51Z,main,0,0
GitHub,oriionn,oriionn,576751962,2022-12-10T21:32:32Z,2025-05-08T12:02:50Z,main,0,0
GitHub,CYBERDRAGE,Roblox-Delta,952105049,2025-03-20T18:34:12Z,2025-05-08T12:02:50Z,master,0,0
GitHub,tudormunteanCS,Verification-and-Validation-of-Software-Systems,947860458,2025-03-13T11:09:54Z,2025-05-08T12:02:50Z,main,0,0
GitHub,DialogIntelligens,scripts,861935823,2024-09-23T18:37:47Z,2025-05-08T12:02:50Z,main,0,0
GitHub,ainaeeeeee,Zorara-Executor,952106048,2025-03-20T18:36:12Z,2025-05-08T12:02:50Z,master,6,0
GitHub,davidfue,RIF-Layoff-Dataset,969241452,2025-04-19T17:52:51Z,2025-05-08T12:02:50Z,main,0,0
GitHub,peshangsalam2001,peshabot,876626328,2024-10-22T09:39:27Z,2025-05-08T12:02:50Z,main,0,0
GitHub,podestal,amauta-api,896913325,2024-12-01T16:02:58Z,2025-05-08T12:02:50Z,main,0,0
GitHub,HUMORCE,nuke,272612225,2020-06-16T04:49:47Z,2025-05-08T12:02:50Z,master,7,1
GitHub,kpnsec,iplist,713192428,2023-11-02T02:42:57Z,2025-05-08T12:03:13Z,main,0,0
GitHub,colin4k,rsstranslation,847621593,2024-08-26T08:12:08Z,2025-05-08T12:02:50Z,main,0,0
GitHub,Md-Rubel-Ahmed-Rana,Thynkray,970526187,2025-04-22T06:33:42Z,2025-05-08T12:02:50Z,main,0,0
GitHub,Pedrokaike,portfolio-2,957917399,2025-03-31T11:04:45Z,2025-05-08T12:02:50Z,main,0,0
GitHub,CloseEncounter3,Roblox-Sirhurt,952105575,2025-03-20T18:35:14Z,2025-05-08T12:02:50Z,master,0,0
GitHub,YCL-Jeff,DonkeyRecognition_App,949895920,2025-03-17T10:07:43Z,2025-05-08T12:02:50Z,main,0,0
GitHub,Senya01,Senya01,447371243,2022-01-12T21:08:00Z,2025-05-08T12:02:50Z,main,3,0
GitHub,YOAyes,iodraw-files,893329259,2024-11-24T06:18:40Z,2025-05-08T12:02:50Z,main,0,0
GitHub,SenpaiSharp,Yuri-Feed-Skeleton,914389754,2025-01-09T13:59:05Z,2025-05-08T12:02:50Z,main,0,0
GitHub,Scorpio69t,Scorpio69t,431682866,2021-11-25T01:55:00Z,2025-05-08T12:02:50Z,main,2,0
GitHub,waihungho,zero-knowledge-proofs,942414919,2025-03-04T04:27:48Z,2025-05-08T12:02:50Z,main,0,0
GitHub,natimathias,ProjetoBiblioteca_Frontend_2025,958020231,2025-03-31T14:09:30Z,2025-05-08T12:02:50Z,main,0,0
GitHub,nhan0o22,proxy,871961956,2024-10-13T12:37:43Z,2025-05-08T12:02:49Z,master,9,1
GitHub,sonata-project,SonataMediaBundle,1059291,2010-11-07T14:41:46Z,2025-05-08T12:02:54Z,4.x,453,489
GitHub,hongik-sweng-8,sw-assignment1,975572586,2025-04-30T14:32:59Z,2025-05-08T12:02:49Z,main,0,0
GitHub,CheaterOnTop,ByYTBmaxxmaxx_11-universalV2,964833130,2025-04-11T21:38:25Z,2025-05-08T12:02:49Z,main,0,0
GitHub,cocopuff2u,BOFA_WEBSITE,930619786,2025-02-10T23:38:20Z,2025-05-08T12:02:49Z,main,0,0
GitHub,MAYKOLINGUI,Miside-Cheat,951435267,2025-03-19T17:12:01Z,2025-05-08T12:02:49Z,main,0,0
GitHub,Ultimate-Hosts-Blacklist,SSH_attackers_probers,124925264,2018-03-12T17:21:50Z,2025-05-08T12:02:49Z,master,0,2
GitHub,somethingbitstudios,BitMapDrawingUtility,523047090,2022-08-09T17:29:25Z,2025-05-08T12:02:49Z,main,0,0
GitHub,Harsh-P30,Learn-code,960251913,2025-04-04T05:43:03Z,2025-05-08T12:02:49Z,main,0,0
GitHub,tigerbeetle,devhubdb,746930940,2024-01-22T23:33:40Z,2025-05-08T12:02:49Z,main,3,0
GitHub,positive-infinity,api-status,463530861,2022-02-25T12:51:20Z,2025-05-08T12:02:49Z,master,0,0
GitHub,arikhativa,buddhiTimer,964576936,2025-04-11T12:42:45Z,2025-05-08T12:02:48Z,main,0,0
GitHub,mihirchampaneri,Atithi-Tourism,955132774,2025-03-26T06:47:50Z,2025-05-08T12:02:48Z,main,0,0
GitHub,Samsand-5,Learning,969538040,2025-04-20T11:32:40Z,2025-05-08T12:02:48Z,master,0,0
GitHub,Naresh-516,Blogify_FrontEnd,975903677,2025-05-01T05:49:17Z,2025-05-08T12:02:48Z,main,0,0
GitHub,oldlunara42,Solana-Trading-Bot,972252911,2025-04-24T19:20:00Z,2025-05-08T12:02:48Z,main,1,0
GitHub,god0kb120,Krnl-Executor,952104213,2025-03-20T18:32:23Z,2025-05-08T12:02:48Z,master,18,17
GitHub,OriginalNVK,Modern-Bank,892459409,2024-11-22T06:38:27Z,2025-05-08T12:02:48Z,main,0,0
GitHub,xvnpw,ai-security-analyzer,894937998,2024-11-27T09:18:24Z,2025-05-08T12:02:48Z,main,76,16
GitHub,TrongNguyen0604,Frontend-Angular-Admin,962391186,2025-04-08T05:02:10Z,2025-05-08T12:02:48Z,main,0,0
GitHub,filippolevis,rescuetech,972663208,2025-04-25T12:57:59Z,2025-05-08T12:03:13Z,main,0,0
GitHub,bida24-320,my-business,969747441,2025-04-20T20:58:27Z,2025-05-08T12:02:48Z,main,0,0
GitHub,waqar0345,Sid,792877994,2024-04-27T20:02:17Z,2025-05-08T12:02:48Z,main,0,0
GitHub,invariantlabs-ai,mcp-scan,962024783,2025-04-07T14:31:26Z,2025-05-08T12:02:48Z,main,601,44
GitHub,wanniethecharacter,mp3-files,483369132,2022-04-19T18:45:14Z,2025-05-08T12:02:48Z,main,1,0
GitHub,HornCopper,Inkar-Suki,482571698,2022-04-17T16:12:53Z,2025-05-08T12:02:48Z,main,152,64
GitHub,RoniTwito08,Smarketing-final,939435507,2025-02-26T14:38:01Z,2025-05-08T12:02:48Z,main,0,0
GitHub,nibred,Invo2_patcher,666143738,2023-07-13T20:19:57Z,2025-05-08T12:02:48Z,master,0,0
GitHub,odoo-italia,documentazione,174677521,2019-03-09T10:06:51Z,2025-05-08T12:02:48Z,14.0,2,11
GitHub,sn0rkmaiden,ai_meeting_notes,949108689,2025-03-15T17:39:25Z,2025-05-08T12:02:48Z,main,0,0
GitHub,Saradhe007,Hexaware_Training,950006367,2025-03-17T13:37:42Z,2025-05-08T12:02:48Z,master,0,0
GitHub,cryptocrew-validators,CryptoCrew-Validators,436655900,2021-12-09T14:56:21Z,2025-05-08T12:02:48Z,main,3,1
GitHub,ryuuwiz,reforestation,912033507,2025-01-04T14:06:57Z,2025-05-08T12:03:11Z,master,0,0
GitHub,Birdabo404,BNB-CarRentalSys,960187684,2025-04-04T02:15:51Z,2025-05-08T12:02:48Z,main,1,0
GitHub,JacobCLarsen,P2-Project,943769379,2025-03-06T08:35:11Z,2025-05-08T12:02:47Z,main,0,0
GitHub,kookmin-sw,capstone-2025-16,931326685,2025-02-12T04:53:08Z,2025-05-08T12:02:47Z,master,2,0
GitHub,Ifer506,Till_Date,969919123,2025-04-21T06:35:28Z,2025-05-08T12:02:47Z,main,0,0
GitHub,Hozowaorokananingenda,Dneu,975183163,2025-04-29T23:16:33Z,2025-05-08T12:02:47Z,main,0,0
GitHub,silagokth,SiLagoDoc,95675461,2017-06-28T14:05:38Z,2025-05-08T12:02:47Z,master,4,1
GitHub,cirKITers,pulse-fourier,918591355,2025-01-18T10:40:04Z,2025-05-08T12:02:47Z,main,1,0
GitHub,FLukacher,TP03,972188437,2025-04-24T17:10:53Z,2025-05-08T12:02:47Z,main,0,0
GitHub,Risk-DAO,simulation-results,544353788,2022-10-02T09:06:17Z,2025-05-08T12:02:47Z,main,0,6
GitHub,Mekdlsdl,CodingTest-TILs,855537746,2024-09-11T03:09:25Z,2025-05-08T12:02:47Z,main,0,0
GitHub,hacortesp,CrySF,898128605,2024-12-03T20:53:19Z,2025-05-08T12:02:47Z,main,0,0
GitHub,ScriptCopilot32,need,971785041,2025-04-24T03:59:47Z,2025-05-08T12:02:47Z,main,0,0
GitHub,Strizhenkov,FileSystem,970076871,2025-04-21T12:34:22Z,2025-05-08T12:02:47Z,master,0,0
GitHub,Uditkishore,HungryHub,769948466,2024-03-10T14:11:47Z,2025-05-08T12:02:47Z,main,0,0
GitHub,Prithiviraaj-1210,BUDGET-PLANNER,965921773,2025-04-14T06:00:40Z,2025-05-08T12:02:46Z,main,0,0
GitHub,maroon8021,github-action-example,645123141,2023-05-25T01:22:58Z,2025-05-08T12:02:46Z,main,0,0
GitHub,Webminds-designs,webminds,920756061,2025-01-22T18:07:19Z,2025-05-08T12:02:46Z,main,0,0
GitHub,zomeru,zomeru,356011647,2021-04-08T18:29:51Z,2025-05-08T12:03:14Z,main,3,0
GitHub,trunghiuu08,PC-Health-Advisor,951421049,2025-03-19T16:45:10Z,2025-05-08T12:02:46Z,main,0,0
GitHub,CloudySkyDeveloper,Ecommerce,951429165,2025-03-19T17:00:18Z,2025-05-08T12:02:46Z,main,0,1
GitHub,rwth-i6,i6_experiments,358171863,2021-04-15T07:45:08Z,2025-05-08T12:02:46Z,main,11,13
GitHub,marcdugu,DL_1,975422810,2025-04-30T09:36:41Z,2025-05-08T12:02:46Z,main,0,0
GitHub,Riyawankhede-06,assignmnet-3.repo,976146830,2025-05-01T15:26:53Z,2025-05-08T12:02:46Z,main,0,0
GitHub,Jalba12042,newEditor,934897742,2025-02-18T15:26:37Z,2025-05-08T12:02:46Z,RF-4/10,0,0
GitHub,RealFascinated,PIA-Servers,792620160,2024-04-27T04:55:16Z,2025-05-08T12:02:46Z,master,4,1
GitHub,kim-codefresh,rollout-test-git-source,796280525,2024-05-05T13:39:32Z,2025-05-08T12:02:46Z,main,0,0
GitHub,112306024-0823,superidol,975037707,2025-04-29T17:24:36Z,2025-05-08T12:02:46Z,main,0,0
GitHub,mccsoft,backend-frontend-template,414480695,2021-10-07T06:05:55Z,2025-05-08T12:02:46Z,master,28,11
GitHub,alxgrk,stats,815819455,2024-06-16T09:01:51Z,2025-05-08T12:02:46Z,main,0,0
GitHub,HLeNam,learn_nextjs_basic,974354975,2025-04-28T16:42:09Z,2025-05-08T12:02:46Z,main,0,0
GitHub,shunichfukui,poker-go-backend,965957960,2025-04-14T07:19:36Z,2025-05-08T12:02:46Z,main,0,0
GitHub,AIDotNet,OpenDeepWiki,973621150,2025-04-27T11:40:00Z,2025-05-08T12:02:46Z,main,405,61
GitHub,Shaira0527,Blender-3D,951414398,2025-03-19T16:32:56Z,2025-05-08T12:02:46Z,main,0,0
GitHub,RaglemL,target,764472703,2024-02-28T06:14:46Z,2025-05-08T12:02:46Z,main,0,0
GitHub,5ethro32,rep-dashboard-e528beba,972633650,2025-04-25T11:59:30Z,2025-05-08T12:02:46Z,main,0,0
GitHub,NishanthN27,RouteWise-A-Sentiment-Driven-Customer-Support-Routing-System,943975533,2025-03-06T15:21:18Z,2025-05-08T12:02:45Z,main,1,1
GitHub,Morindelhqq,Mev-Bot-Uniswap,974742229,2025-04-29T08:35:57Z,2025-05-08T12:02:45Z,main,1,2
GitHub,DhruvGupta1075,CodeFlixLabs,966233390,2025-04-14T15:53:43Z,2025-05-08T12:02:45Z,main,0,0
GitHub,AlexeyShchukin,ICH,906403976,2024-12-20T20:39:41Z,2025-05-08T12:02:45Z,master,0,0
GitHub,iceman201,iceman201,399381031,2021-08-24T07:53:32Z,2025-05-08T12:02:45Z,main,0,1
GitHub,fracado,fracado,781963752,2024-04-04T11:29:54Z,2025-05-08T12:02:45Z,main,0,0
GitHub,Valentine0302,TSP-Test-working-3,975746276,2025-04-30T20:39:48Z,2025-05-08T12:02:45Z,main,0,0
GitHub,tuyanga,PlayTv_v.2.0,968362601,2025-04-18T00:42:25Z,2025-05-08T12:02:45Z,main,0,0
GitHub,KILLERXNKVT,Programmes-Collection,951422061,2025-03-19T16:47:10Z,2025-05-08T12:02:45Z,main,1,0
GitHub,AleenAlsulaiman,Senior-Project,952789813,2025-03-21T22:17:10Z,2025-05-08T12:02:45Z,main,0,0
GitHub,nearform-actions,github-action-todos-to-issue,513449810,2022-07-13T08:58:07Z,2025-05-08T12:02:45Z,master,2,1
GitHub,AngelXavier-MX,skycode-testing,975470054,2025-04-30T11:15:01Z,2025-05-08T12:02:45Z,main,0,0
GitHub,MANDEEP-shrma,Live-Chat-app,961554727,2025-04-06T18:48:44Z,2025-05-08T12:02:45Z,main,0,0
GitHub,DANGOTECH-CONCEPTS-LIMITED,rentalmanagement,946548072,2025-03-11T10:07:54Z,2025-05-08T12:02:45Z,main,0,0
GitHub,28Kivi,wg-udp2raw,951428279,2025-03-19T16:58:43Z,2025-05-08T12:02:45Z,main,0,0
GitHub,Samir-pemi-magar,TeamD_FitnessApp,955337460,2025-03-26T13:38:56Z,2025-05-08T12:02:45Z,main,0,0
GitHub,LUKEINTERNATIONAL,MAHIS-Production,882017002,2024-11-01T17:48:23Z,2025-05-08T12:02:45Z,main,0,0
GitHub,McCollinsMediaWeb,takmeel,964382986,2025-04-11T06:07:31Z,2025-05-08T12:02:45Z,main,0,0
GitHub,RaglemL,source,764476047,2024-02-28T06:23:45Z,2025-05-08T12:02:45Z,main,0,0
GitHub,willtaehwan,Algorithm,686513691,2023-09-03T03:26:15Z,2025-05-08T12:02:44Z,main,0,0
GitHub,geekyroshan,bolt-clone,922432602,2025-01-26T07:25:21Z,2025-05-08T12:02:44Z,main,0,0
GitHub,fiksofficial,python-modules,933998843,2025-02-17T05:24:27Z,2025-05-08T12:02:44Z,main,0,0
GitHub,Tuliodrx,ovh-ddos,951410672,2025-03-19T16:26:03Z,2025-05-08T12:02:44Z,main,29,25
GitHub,Gireeshmjyothi,test,589960040,2023-01-17T10:47:46Z,2025-05-08T12:02:44Z,main,0,1
GitHub,aunrxg,mock-interview-system-ai,953415917,2025-03-23T10:12:50Z,2025-05-08T12:02:44Z,main,0,0
GitHub,PupsikEspa,NORD_Avdeevka.WL_Rosche,972801290,2025-04-25T17:26:10Z,2025-05-08T12:02:44Z,main,0,0
GitHub,ysm-dev,atom,733447381,2023-12-19T10:53:46Z,2025-05-08T12:02:44Z,main,1,0
GitHub,Ericafh,portfolio,957918789,2025-03-31T11:07:38Z,2025-05-08T12:02:44Z,main,0,0
GitHub,nauqh,cseassessment,957808444,2025-03-31T07:01:04Z,2025-05-08T12:02:44Z,master,0,0
GitHub,vishalbuwade17,Re-Js,948978001,2025-03-15T11:56:09Z,2025-05-08T12:02:44Z,main,0,0
GitHub,hahnworks,UDECard,970717844,2025-04-22T12:37:47Z,2025-05-08T12:02:44Z,main,7,0
GitHub,pyt3r,pyswark-lib,966146556,2025-04-14T13:25:52Z,2025-05-08T12:02:44Z,master,0,0
GitHub,iqnite,4-in-a-row,550894322,2022-10-13T13:54:57Z,2025-05-08T12:02:44Z,main,0,0
GitHub,Yagizsuzen,ChatBot,973559452,2025-04-27T08:49:58Z,2025-05-08T12:02:44Z,main,0,0
GitHub,Alex-Tech-Lab,Alex-Tech-Lab.github.io,961788464,2025-04-07T07:00:56Z,2025-05-08T12:02:44Z,main,0,0
GitHub,psc-acme,repo4,592227129,2023-01-23T08:59:46Z,2025-05-08T12:02:43Z,main,0,0
GitHub,SrcsGammaPDXCanaryUser,github-Delete,811009355,2024-06-05T19:10:27Z,2025-05-08T12:02:43Z,main,0,0
GitHub,zedexfireservice,zedexfireservice,967383232,2025-04-16T11:23:09Z,2025-05-08T12:02:43Z,main,0,0
GitHub,angeles-23,MariaDB,935546244,2025-02-19T16:11:48Z,2025-05-08T12:02:43Z,main,0,0
GitHub,MBelniak,coffeedesk-automated,958726524,2025-04-01T17:00:50Z,2025-05-08T12:02:43Z,main,0,0
GitHub,bigolu,system-configurations,100528481,2017-08-16T20:09:29Z,2025-05-08T12:02:43Z,master,0,1
GitHub,Rakib136z,springboot-websocket-livechat,951407235,2025-03-19T16:19:43Z,2025-05-08T12:02:43Z,main,0,0
GitHub,kamilsoldacki,biblia-wyjasnienia,974947314,2025-04-29T14:44:15Z,2025-05-08T12:02:43Z,main,0,0
GitHub,pietrodalmolin,GA4toBQ_WPAModel,921042274,2025-01-23T08:24:41Z,2025-05-08T12:02:43Z,main,0,0
GitHub,roboticsysinfo,kisaanGrowth-backend,913789215,2025-01-08T11:02:29Z,2025-05-08T12:02:43Z,main,0,0
GitHub,Al-homaidi,Portfolio,962667725,2025-04-08T13:52:14Z,2025-05-08T12:02:43Z,main,0,0
GitHub,Anna-Makovska,stp-8893,976267343,2025-05-01T19:56:53Z,2025-05-08T12:03:02Z,main,0,0
GitHub,Iblioce,LuaP,963378939,2025-04-09T15:35:06Z,2025-05-08T12:02:43Z,main,0,0
GitHub,codewithsaidul,client-news-demo,970136111,2025-04-21T14:33:09Z,2025-05-08T12:02:43Z,main,0,0
GitHub,AfganOFC,AfganDB,913227657,2025-01-07T09:24:50Z,2025-05-08T12:02:43Z,main,0,4
GitHub,DTS-NewGRF,DTS-Object-,731842960,2023-12-15T02:26:17Z,2025-05-08T12:02:42Z,main,3,0
GitHub,google,angle,23355681,2014-08-26T14:59:07Z,2025-05-08T12:02:42Z,main,3673,646
GitHub,calledmebob,InstantLegalDotAI,951400136,2025-03-19T16:06:42Z,2025-05-08T12:02:42Z,main,0,0
GitHub,evanjarrett,secret-service-operator,878956056,2024-10-26T15:15:21Z,2025-05-08T12:02:53Z,main,0,0
GitHub,Indumathi-V,javascript_training.github.io,963170328,2025-04-09T09:09:47Z,2025-05-08T12:02:42Z,main,0,0
GitHub,latum0,MC,944544560,2025-03-07T14:35:10Z,2025-05-08T12:02:42Z,main,0,0
GitHub,Izzibizz,itflows,974419975,2025-04-28T18:46:43Z,2025-05-08T12:02:42Z,main,0,0
GitHub,krzwiatrzyk,krzwiatrzyk,495060504,2022-05-22T12:58:06Z,2025-05-08T12:02:42Z,main,0,0
GitHub,botnadzor,user-script,899760929,2024-12-07T00:36:55Z,2025-05-08T12:02:42Z,update,1,0
GitHub,akshayverma5122,Kubernetes,871843676,2024-10-13T05:08:57Z,2025-05-08T12:02:42Z,master,0,0
GitHub,algimas,tmp,216567204,2019-10-21T12:51:55Z,2025-05-08T12:02:42Z,master,2,0
GitHub,Xaltherv7Uy,Mev-Bot-SOLANA,972247909,2025-04-24T19:09:17Z,2025-05-08T12:02:42Z,main,131,108
GitHub,ReshmaPatilPawar,AY-24-25DSBDA,967311272,2025-04-16T09:01:42Z,2025-05-08T12:02:42Z,main,0,1
GitHub,alexTvirus,bookmark_title,778701741,2024-03-28T08:26:55Z,2025-05-08T12:02:42Z,master,0,0
GitHub,Rops-11,BHive-Project,946712873,2025-03-11T15:04:33Z,2025-05-08T12:02:59Z,main,0,0
GitHub,skbnw,xml_sitemap,743386829,2024-01-15T05:53:42Z,2025-05-08T12:02:42Z,main,0,0
GitHub,kangminsukdotcom,blog,675309187,2023-08-06T13:53:05Z,2025-05-08T12:02:42Z,main,1,0
GitHub,berkcirak,notificationApp,893998631,2024-11-25T15:16:42Z,2025-05-08T12:02:42Z,master,0,0
GitHub,aws-aemilia-sfo,Github-PR-Commit-Integration-Test-DoNotTouch-GitH-6PGWNX3K-v1-preprod-us-west-1,935100249,2025-02-18T22:47:26Z,2025-05-08T12:02:42Z,main,0,0
GitHub,botnadzor,extension-data,915060841,2025-01-10T22:01:59Z,2025-05-08T12:02:42Z,main,0,0
GitHub,cauaplima3,ociogen,951406407,2025-03-19T16:18:06Z,2025-05-08T12:02:41Z,main,2,0
GitHub,kubalic,new_repo_1,965949542,2025-04-14T07:02:25Z,2025-05-08T12:02:41Z,master,0,0
GitHub,87Parisagile21,APP-MEVbot,913656270,2025-01-08T05:27:56Z,2025-05-08T12:02:41Z,main,2,0
GitHub,RPDool,Sim_Sea,942158340,2025-03-03T17:04:39Z,2025-05-08T12:02:41Z,main,1,0
GitHub,marcreichel,marcreichel,332223108,2021-01-23T13:58:10Z,2025-05-08T12:02:41Z,main,3,4
GitHub,Nerkhasar,public,641872882,2023-05-17T10:45:26Z,2025-05-08T12:03:17Z,main,1,0
GitHub,rmhp-electrical,status,849159753,2024-08-29T04:54:09Z,2025-05-08T12:02:41Z,master,0,0
GitHub,RnoldR,vsSM,970718597,2025-04-22T12:39:03Z,2025-05-08T12:02:41Z,main,0,0
GitHub,YothisisTroy,Filesys,951400561,2025-03-19T16:07:28Z,2025-05-08T12:02:41Z,main,2,2
GitHub,ridsonelton,landing-page,640599723,2023-05-14T16:14:15Z,2025-05-08T12:02:41Z,main,0,0
GitHub,42LM,zigist,671664365,2023-07-27T21:09:23Z,2025-05-08T12:02:41Z,main,1,0
GitHub,jsoma,el-pais-autoscraper,838941431,2024-08-06T16:36:05Z,2025-05-08T12:02:41Z,main,0,0
GitHub,kamikaze-skynet,Kamikaze-420,575854069,2022-12-08T12:59:39Z,2025-05-08T12:02:41Z,main,2,0
GitHub,BenRetzler,signature-assignment,974848103,2025-04-29T11:55:53Z,2025-05-08T12:02:41Z,main,0,0
GitHub,Palathea,core,341260483,2021-02-22T16:16:23Z,2025-05-08T12:02:41Z,master,0,0
GitHub,AresIntrepid,AresIntrepid,854342400,2024-09-09T01:55:02Z,2025-05-08T12:02:41Z,main,0,0
GitHub,craft-gui,craft,739760799,2024-01-06T13:16:15Z,2025-05-08T12:02:41Z,main,8,1
GitHub,TshekoO,campingandoutdoor,953877184,2025-03-24T08:16:19Z,2025-05-08T12:02:40Z,main,0,0
GitHub,chromoquark,rrq,852176932,2024-09-04T11:08:16Z,2025-05-08T12:02:40Z,master,0,0
GitHub,Falicsi,Szakdolgozat-24-25,923214401,2025-01-27T20:41:25Z,2025-05-08T12:02:40Z,main,0,0
GitHub,gauteh,sfy,409897317,2021-09-24T08:55:05Z,2025-05-08T12:02:40Z,main,47,7
GitHub,HaoLe2710,PlayVault,957466295,2025-03-30T12:55:30Z,2025-05-08T12:02:40Z,main,0,0
GitHub,sadeeabdullah,CSE_fundamental_X_c_programming,963356980,2025-04-09T14:56:11Z,2025-05-08T12:02:40Z,main,0,0
GitHub,KapitoliyVZ,LR_Pochemuchki,942510387,2025-03-04T08:07:57Z,2025-05-08T12:02:40Z,master,0,2
GitHub,Plankmeister,sports-scores,850079107,2024-08-30T20:49:52Z,2025-05-08T12:02:40Z,main,0,0
GitHub,lamtonylam,ohjelmistotekniikka,944954157,2025-03-08T10:09:28Z,2025-05-08T12:02:40Z,main,1,0
GitHub,zhutao20170722,wiki,969584756,2025-04-20T13:41:42Z,2025-05-08T12:02:40Z,master,0,0
GitHub,Russell767,test,951382377,2025-03-19T15:35:27Z,2025-05-08T12:02:40Z,development,0,0
GitHub,deeeepio-archive,users,969917816,2025-04-21T06:32:17Z,2025-05-08T12:02:40Z,main,0,0
GitHub,Moscowellie,Claim-Free-NFT,918884916,2025-01-19T05:47:18Z,2025-05-08T12:02:40Z,main,1,1
GitHub,7y8iga,AFFINITY-PHOTO,951395599,2025-03-19T15:58:15Z,2025-05-08T12:02:40Z,main,0,0
GitHub,RajanKalb,GameBoost-Pro-for-Warzone,951348078,2025-03-19T14:38:25Z,2025-05-08T12:02:40Z,main,0,0
GitHub,henrique-arantes,henrique-arantes,467517124,2022-03-08T13:11:00Z,2025-05-08T12:02:40Z,main,0,0
GitHub,LangCorrect,server,668232841,2023-07-19T10:28:19Z,2025-05-08T12:02:39Z,main,27,11
GitHub,BlockNG-Foundation,KudosScan,523411229,2022-08-10T16:09:32Z,2025-05-08T12:02:39Z,master,1,1
GitHub,wanghaisheng,modelguru-monitor-urls,907527312,2024-12-23T19:40:52Z,2025-05-08T12:02:39Z,main,0,0
GitHub,rust-lang,crates.io-index,26193547,2014-11-04T23:26:38Z,2025-05-08T12:02:39Z,master,623,247
GitHub,stjohann,DiscordWikiBot,109870638,2017-11-07T17:49:05Z,2025-05-08T12:02:39Z,master,42,8
GitHub,SultanSakai,-,939784881,2025-02-27T05:22:23Z,2025-05-08T12:02:39Z,main,0,0
GitHub,sureshpoon,my_codingal_course,973754214,2025-04-27T17:06:50Z,2025-05-08T12:02:39Z,main,0,0
GitHub,Kurniawanrzk,SITERA_NASABAH_MS,973022908,2025-04-26T05:04:51Z,2025-05-08T12:02:39Z,main,0,0
GitHub,ocade-fusion-web-sites,ocade-fusion,944452344,2025-03-07T11:18:34Z,2025-05-08T12:02:39Z,master,0,0
GitHub,spiraldb,vortex,764020969,2024-02-27T10:40:00Z,2025-05-08T12:02:39Z,develop,1231,41
GitHub,Footballotter,Trading-GPT,908112513,2024-12-25T06:56:16Z,2025-05-08T12:02:39Z,main,17,2
GitHub,SAM123-Tech-commints,contraecrime,970662923,2025-04-22T10:54:09Z,2025-05-08T12:02:39Z,main,0,1
GitHub,SagarFieldElevate,DatabaseManagement,964741179,2025-04-11T17:54:35Z,2025-05-08T12:02:39Z,main,0,0
GitHub,lovable-oellrich-gruppe-de,marina-power-control-23,959172487,2025-04-02T11:37:01Z,2025-05-08T12:02:38Z,main,0,0
GitHub,selftilted,hopserver,848233968,2024-08-27T11:41:16Z,2025-05-08T12:02:38Z,main,0,0
GitHub,pipeeeeees,sphere-bot,938499744,2025-02-25T03:51:11Z,2025-05-08T12:02:38Z,main,0,0
GitHub,syltherisfp,Mev-bot-BNB-ARBITRAGE,972249523,2025-04-24T19:12:45Z,2025-05-08T12:02:38Z,main,1,0
GitHub,mysqto,mysqto,24943945,2014-10-08T14:15:47Z,2025-05-08T12:02:38Z,master,0,0
GitHub,msconfig,msconfig.github.io,252563659,2020-04-02T21:04:44Z,2025-05-08T12:02:38Z,master,0,2
GitHub,Christinejoysaor,Browser-Environment-Dashboard,972602910,2025-04-25T10:52:21Z,2025-05-08T12:02:38Z,main,0,0
GitHub,mobs-lab,epistorm-evaluations,873946799,2024-10-17T01:50:40Z,2025-05-08T12:02:38Z,main,1,0
GitHub,brunaeurichh,portfolio,957914915,2025-03-31T10:59:25Z,2025-05-08T12:02:38Z,main,0,0
GitHub,AMaoChen0110,Unseat,951842942,2025-03-20T10:29:22Z,2025-05-08T12:02:38Z,main,11,3
GitHub,Raulro03,webgames,910240854,2024-12-30T19:08:40Z,2025-05-08T12:02:38Z,master,0,0
GitHub,6363Jom,GIMP-Pro,951366126,2025-03-19T15:07:44Z,2025-05-08T12:02:37Z,main,0,0
GitHub,FatuiHarbingers,arlecchino,642661045,2023-05-19T04:20:37Z,2025-05-08T12:03:09Z,main,0,0
GitHub,Radware,FlowRunner,962023144,2025-04-07T14:28:41Z,2025-05-08T12:02:37Z,main,0,0
GitHub,TuxSama,SocialApp-lina,971710361,2025-04-24T00:13:33Z,2025-05-08T12:02:37Z,main,0,1
GitHub,Moonlight13781378,Monster-Hunter-Wilds,951376089,2025-03-19T15:24:38Z,2025-05-08T12:02:37Z,main,0,0
GitHub,nghiahsgs,iqair-dataset,919349470,2025-01-20T08:26:15Z,2025-05-08T12:02:37Z,main,36,5
GitHub,DevGeeksSquad,Portfolio,968548864,2025-04-18T09:28:18Z,2025-05-08T12:02:37Z,main,0,0
GitHub,Rafael-Mota-Moraes,conceitos-nestjs,974958794,2025-04-29T15:02:51Z,2025-05-08T12:02:37Z,main,0,0
GitHub,anasikhzf,fwd_nfacademy,937128575,2025-02-22T12:04:19Z,2025-05-08T12:02:37Z,main,0,0
GitHub,okielife,TempSensors,675082104,2023-08-05T17:59:19Z,2025-05-08T12:02:37Z,main,0,0
GitHub,adi224foreverg,globaldl,437227236,2021-12-11T08:25:38Z,2025-05-08T12:02:37Z,master,0,1
GitHub,RivasB,TTeams,694380649,2023-09-20T22:17:54Z,2025-05-08T12:02:37Z,main,1,2
GitHub,RuanCampello,umbra,905494990,2024-12-19T00:15:24Z,2025-05-08T12:02:37Z,main,0,0
GitHub,NEXOOPRO,Kingdom-Come-Deliverance-2,951368199,2025-03-19T15:11:05Z,2025-05-08T12:02:37Z,main,0,0
GitHub,IxxyDev,guitar-finder,953164246,2025-03-22T18:02:37Z,2025-05-08T12:02:37Z,main,0,0
GitHub,MediaEase-binaries,tools,961547038,2025-04-06T18:29:01Z,2025-05-08T12:02:37Z,main,0,0
GitHub,yangtau,dotfiles,208376655,2019-09-14T02:14:42Z,2025-05-08T12:02:37Z,main,2,0
GitHub,Echotopia,EchoVerse,964498124,2025-04-11T10:00:45Z,2025-05-08T12:02:37Z,main,0,0
GitHub,labithiotis,currency,699984744,2023-10-03T18:09:39Z,2025-05-08T12:02:37Z,main,0,0
GitHub,diliser04,AI-Code-Reviewer,951371876,2025-03-19T15:17:27Z,2025-05-08T12:02:37Z,main,2,0
GitHub,syh8293,web,923903193,2025-01-29T03:15:20Z,2025-05-08T12:02:37Z,master,0,0
GitHub,aws-aemilia-syd,Github-PR-Commit-Integration-Test-DoNotTouch-GitH-6PGWNX3K-v1-prod-ap-southeast-2,939081918,2025-02-26T00:47:26Z,2025-05-08T12:02:36Z,main,0,0
GitHub,vianneanouk,Luzern_IM2,966676170,2025-04-15T09:33:29Z,2025-05-08T12:02:36Z,main,0,0
GitHub,hsiaoko,MatrixGraph,733381821,2023-12-19T07:48:44Z,2025-05-08T12:02:36Z,main,1,0
GitHub,umjayson,pulsecountapi,863201277,2024-09-25T22:25:43Z,2025-05-08T12:02:36Z,main,0,0
GitHub,Danielcdlrh2,Youtube-Bot,908984055,2024-12-27T13:07:18Z,2025-05-08T12:02:36Z,main,3,1
GitHub,eabdalmufid,eabdalmufid,519919072,2022-08-01T00:38:07Z,2025-05-08T12:02:36Z,main,8,0
GitHub,Jordan-T,Jordan-T,503408980,2022-06-14T15:06:43Z,2025-05-08T12:02:36Z,main,0,0
GitHub,Miro-Hashcode,Dune-Analytics-Uploader,951365284,2025-03-19T15:06:19Z,2025-05-08T12:02:36Z,main,0,0
GitHub,venom0010,Fire-Wall-Dos-Python,951364238,2025-03-19T15:04:30Z,2025-05-08T12:02:36Z,main,0,0
GitHub,ding-company,ding,847220412,2024-08-25T07:30:17Z,2025-05-08T12:02:35Z,main,0,0
GitHub,VCJx07,ChiaraCV,971976986,2025-04-24T10:52:12Z,2025-05-08T12:02:35Z,main,0,0
GitHub,twentytwodiego,m122,943909601,2025-03-06T13:19:29Z,2025-05-08T12:02:35Z,main,0,0
GitHub,strozoid,Hen,814039046,2024-06-12T08:18:13Z,2025-05-08T12:02:35Z,main,0,0
GitHub,duzaq,respeitoPet,902856036,2024-12-13T12:09:57Z,2025-05-08T12:02:35Z,main,0,0
GitHub,stearm210,daijia-parent,941960918,2025-03-03T10:45:59Z,2025-05-08T12:02:35Z,master,0,0
GitHub,89264759482ss,getip,688536919,2023-09-07T14:51:30Z,2025-05-08T12:02:35Z,main,0,0
GitHub,volcengine,terraform-provider-volcengine,509050982,2022-06-30T11:24:26Z,2025-05-08T12:03:00Z,master,30,10
GitHub,voulezvous-ai,AgentOS_Fusion,965791783,2025-04-13T22:53:08Z,2025-05-08T12:02:35Z,main,0,0
GitHub,chromium,chromium,120360765,2018-02-05T20:55:32Z,2025-05-08T12:02:35Z,main,20602,7552
GitHub,Zackkung688,Split-Fiction,951363364,2025-03-19T15:02:56Z,2025-05-08T12:02:35Z,main,0,0
GitHub,Bitcoin3554,Bitcoin3.0,947594852,2025-03-13T00:03:32Z,2025-05-08T12:02:35Z,main,0,0
GitHub,YeongHyeonHeo,Algorithm,947148931,2025-03-12T08:27:16Z,2025-05-08T12:02:35Z,main,0,0
GitHub,hamed-10,CV,966716995,2025-04-15T10:52:39Z,2025-05-08T12:02:35Z,master,0,0
GitHub,10000xnet,10000xnet.github.io,840819180,2024-08-10T19:25:50Z,2025-05-08T12:02:35Z,main,0,1
GitHub,doh12,Foxit-PDF-Editor,951346767,2025-03-19T14:36:21Z,2025-05-08T12:02:35Z,main,18,18
GitHub,Victorzl2002,iodraw-files,940663627,2025-02-28T15:17:17Z,2025-05-08T12:02:35Z,main,0,0
GitHub,luna171,ze,874873241,2024-10-18T16:05:58Z,2025-05-08T12:02:35Z,main,0,0
GitHub,NodeBE4,hero,291161919,2020-08-28T23:01:38Z,2025-05-08T12:02:35Z,master,7,4
GitHub,fadhel119,32-pbk-uts-233510658,974771143,2025-04-29T09:28:31Z,2025-05-08T12:02:35Z,main,0,0
GitHub,Emmanuelpean,raft,542579875,2022-09-28T12:29:24Z,2025-05-08T12:02:35Z,main,0,0
GitHub,hzerrad,hzerrad,564744413,2022-11-11T11:53:49Z,2025-05-08T12:02:35Z,main,0,0
GitHub,bazelbuild,bazel,20773773,2014-06-12T16:00:38Z,2025-05-08T12:02:35Z,master,24033,4211
GitHub,AboFawaz305,holbertonschool-low_level_programming,971979020,2025-04-24T10:56:33Z,2025-05-08T12:02:34Z,master,0,0
GitHub,infopl99,swtor-discord-bot,958003732,2025-03-31T13:40:32Z,2025-05-08T12:02:34Z,main,0,0
GitHub,zugazagoitia,zugazagoitia,551970764,2022-10-15T14:11:26Z,2025-05-08T12:02:34Z,main,1,0
GitHub,Ponmanitp,PageObjectModelPW,974226419,2025-04-28T12:57:06Z,2025-05-08T12:02:34Z,main,0,0
GitHub,Ilfan405g,Alumni-Interaction-and-Conversation-Dynamics-NLP,951357918,2025-03-19T14:54:18Z,2025-05-08T12:02:34Z,main,0,0
GitHub,rishaviitd,tick-landing-page,975219950,2025-04-30T01:15:10Z,2025-05-08T12:02:34Z,main,0,0
GitHub,Koushik-2k25,SQL-Python-Ecommerce-Project,968082490,2025-04-17T13:30:21Z,2025-05-08T12:02:34Z,main,0,0
GitHub,Orphan24,xpipe,951349116,2025-03-19T14:40:01Z,2025-05-08T12:02:34Z,main,0,0
GitHub,roncli,tis.roncli.com,132223146,2018-05-05T06:58:13Z,2025-05-08T12:02:41Z,main,0,0
GitHub,MBatuhanZanlier,Mikroservice-MultiShop,919320158,2025-01-20T07:14:19Z,2025-05-08T12:02:34Z,master,0,0
GitHub,Chiqueto,pokedex-mobile,964065233,2025-04-10T16:26:57Z,2025-05-08T12:02:34Z,main,0,0
GitHub,chamoysans,threexJokers,958386159,2025-04-01T05:43:46Z,2025-05-08T12:02:34Z,main,0,0
GitHub,DK-088,portfolio,836866114,2024-08-01T18:09:32Z,2025-05-08T12:02:34Z,main,0,0
GitHub,ZHANGsong159,zhtskzxt,971892910,2025-04-24T08:07:19Z,2025-05-08T12:02:34Z,main,0,0
GitHub,Army8502,KEY,972428910,2025-04-25T04:18:03Z,2025-05-08T12:02:34Z,main,0,0
GitHub,balanyaroslaw,anctree,916683634,2025-01-14T15:19:11Z,2025-05-08T12:02:34Z,main,0,0
GitHub,CypherView,test_app,914223109,2025-01-09T07:18:21Z,2025-05-08T12:02:34Z,main,0,0
GitHub,Dsaar,github-tests,970822696,2025-04-22T15:33:05Z,2025-05-08T12:02:34Z,main,0,0
GitHub,uvdesk,core-framework,155781961,2018-11-01T22:10:05Z,2025-05-08T12:02:34Z,master,64,57
GitHub,achrafes20,projet-web,969194688,2025-04-19T15:50:51Z,2025-05-08T12:02:34Z,main,0,0
GitHub,starci-lab,cifarm-wallet,923018371,2025-01-27T14:02:22Z,2025-05-08T12:02:34Z,main,1,1
GitHub,riipandi,riipandi,278937949,2020-07-11T20:36:29Z,2025-05-08T12:02:33Z,main,1,0
GitHub,my-app-s,welcomePage,430763138,2021-11-22T15:30:58Z,2025-05-08T12:02:33Z,main,0,0
GitHub,JuCuMar,CDL,975354053,2025-04-30T07:18:32Z,2025-05-08T12:02:33Z,main,0,0
GitHub,agaef5,SEP2,955231962,2025-03-26T10:14:43Z,2025-05-08T12:02:33Z,main,0,0
GitHub,The-Forbidden-Trove,tft-data-prices,419009332,2021-10-19T16:39:41Z,2025-05-08T12:02:33Z,master,10,14
GitHub,omar21hossam,RISCV,972634281,2025-04-25T12:00:52Z,2025-05-08T12:02:33Z,main,0,0
GitHub,nachollv,rage_front,942114239,2025-03-03T15:42:22Z,2025-05-08T12:02:33Z,master,0,0
GitHub,Adnaninho,ML8511,951327349,2025-03-19T14:04:01Z,2025-05-08T12:02:33Z,main,0,0
GitHub,skbnw,y_rss_all,609306484,2023-03-03T20:29:49Z,2025-05-08T12:02:33Z,main,1,0
GitHub,akos0012,Pizzas,748205038,2024-01-25T13:52:23Z,2025-05-08T12:02:33Z,main,0,0
GitHub,voucan-us4,voucan-us4.github.io,920304693,2025-01-21T23:07:38Z,2025-05-08T12:02:33Z,main,0,7
GitHub,Vsonneveld,foroxity-genres,625580055,2023-04-09T14:55:27Z,2025-05-08T12:02:33Z,main,0,0
GitHub,giantswarm,errors,134596135,2018-05-23T16:17:03Z,2025-05-08T12:02:33Z,main,0,1
GitHub,cck190891,testAction,970634404,2025-04-22T09:58:50Z,2025-05-08T12:02:32Z,main,0,0
GitHub,blarphus,polycast,972746247,2025-04-25T15:35:41Z,2025-05-08T12:02:32Z,main,0,0
GitHub,Tripplepoeh,PES-25,949837872,2025-03-17T08:14:02Z,2025-05-08T12:02:32Z,main,0,0
GitHub,sprattjack,potential-octo-parakeet,288681222,2020-08-19T08:50:36Z,2025-05-08T12:02:32Z,master,1,0
GitHub,unzerdev,php-sdk,302065842,2020-10-07T14:40:30Z,2025-05-08T12:02:32Z,main,9,14
GitHub,leandromeier,dotfiles,346075735,2021-03-09T16:44:36Z,2025-05-08T12:02:32Z,main,1,0
GitHub,blahah,blahah,395422762,2021-08-12T19:23:03Z,2025-05-08T12:02:32Z,main,0,0
GitHub,ROCKNITE-STUDIO,rocknite-studio.github.io,885904874,2024-11-09T17:43:48Z,2025-05-08T12:02:32Z,main,1,0
GitHub,alesti19,Driver-Booster-Pro-Installer-2025,950036647,2025-03-17T14:30:14Z,2025-05-08T12:02:32Z,main,0,0
GitHub,old4ever,ksumodules,952130002,2025-03-20T19:27:42Z,2025-05-08T12:02:32Z,master,0,0
GitHub,lenorix,laravel-ai-jobs,976126728,2025-05-01T14:44:42Z,2025-05-08T12:02:32Z,main,0,0
GitHub,KaringX,clashmi,966153123,2025-04-14T13:37:30Z,2025-05-08T12:02:32Z,main,361,17
GitHub,OWO-god,WFTRC,966533138,2025-04-15T04:25:01Z,2025-05-08T12:02:32Z,main,0,0
GitHub,Digital-Cookie,DMU-Codyssey,943849664,2025-03-06T11:17:09Z,2025-05-08T12:02:32Z,main,0,0
GitHub,KefaMensch,IMDB_Prediction,951322371,2025-03-19T13:55:26Z,2025-05-08T12:02:32Z,main,0,0
GitHub,scarrrr316,scarrrr316,375606969,2021-06-10T07:18:16Z,2025-05-08T12:02:32Z,main,1,0
GitHub,WHUT-zwj,WHUT-zwj,971405006,2025-04-23T13:24:41Z,2025-05-08T12:02:32Z,main,0,0
GitHub,LucasCastro100,pyton,921097316,2025-01-23T10:31:50Z,2025-05-08T12:02:32Z,main,0,0
GitHub,dedo-dev,learning-journal-blog,976052149,2025-05-01T11:58:32Z,2025-05-08T12:02:31Z,main,0,0
GitHub,FlameModParadise,My-Site,960119718,2025-04-03T22:25:12Z,2025-05-08T12:02:31Z,main,0,0
GitHub,GraficaPT,graficapt,976196423,2025-05-01T17:10:12Z,2025-05-08T12:02:31Z,main,0,0
GitHub,Shinmera,3d-math,672898719,2023-07-31T12:19:46Z,2025-05-08T12:02:31Z,main,23,6
GitHub,c3am,capacitest,726569342,2023-12-02T18:40:56Z,2025-05-08T12:02:31Z,main,0,0
GitHub,chandan-0416,netflix-GPT,882281060,2024-11-02T11:54:07Z,2025-05-08T12:02:31Z,main,1,0
GitHub,otto1999haertel,FuelDistanceCalculator,932296673,2025-02-13T17:27:03Z,2025-05-08T12:02:31Z,master,0,0
GitHub,mariahfassina,17_04_25backend,968045631,2025-04-17T12:17:39Z,2025-05-08T12:02:31Z,main,0,0
GitHub,tusharjamadar,A2Z-DSA-sheet-codes,954040105,2025-03-24T13:25:13Z,2025-05-08T12:02:31Z,main,0,0
GitHub,sambhav2612,sambhav2612,280470919,2020-07-17T16:16:47Z,2025-05-08T12:02:31Z,master,2,2
GitHub,tyriis,opnsense-exporter,803924189,2024-05-21T16:07:34Z,2025-05-08T12:02:59Z,main,1,0
GitHub,TimKolberger,docusaurus-plugin-structurizr,734312940,2023-12-21T11:24:39Z,2025-05-08T12:02:31Z,main,7,1
GitHub,diwates2232,Alarm-analysis-,965066101,2025-04-12T10:37:07Z,2025-05-08T12:02:31Z,main,0,0
GitHub,sandaruwagachchi,sw-music.lk,948621943,2025-03-14T16:54:45Z,2025-05-08T12:02:30Z,main,0,0
GitHub,hi77er,Rhyme.Net,963317076,2025-04-09T13:48:39Z,2025-05-08T12:02:30Z,main,0,0
GitHub,Reluvasile06,vanpes-data,971046874,2025-04-22T23:54:14Z,2025-05-08T12:02:30Z,main,0,0
GitHub,Meezzi,with-run-app,971123329,2025-04-23T03:50:19Z,2025-05-08T12:02:30Z,main,0,2
GitHub,JunetaeKim,DeepLearningClass,565799044,2022-11-14T10:55:44Z,2025-05-08T12:02:30Z,main,1,1
GitHub,riparuk,hadiahin-be,971195670,2025-04-23T06:51:28Z,2025-05-08T12:02:30Z,master,0,0
GitHub,MatthewPDingle,CSCPT,946531060,2025-03-11T09:36:18Z,2025-05-08T12:02:30Z,main,0,0
GitHub,Heartkage,ms-tools,975987146,2025-05-01T09:13:48Z,2025-05-08T12:02:30Z,main,0,0
GitHub,Kesze2006,AAF,687341768,2023-09-05T06:55:39Z,2025-05-08T12:02:30Z,main,0,0
GitHub,Hnjaka,ilodata-visionary-layout-61,970687061,2025-04-22T11:41:22Z,2025-05-08T12:02:30Z,main,0,0
GitHub,GangChain,md_streamer-py,950815867,2025-03-18T18:17:00Z,2025-05-08T12:02:30Z,main,1,0
GitHub,ChristianSteger,HORAYZON_extpar_subgrid,976023394,2025-05-01T10:44:12Z,2025-05-08T12:02:30Z,main,0,0
GitHub,Aishwarya61,Employment-Management,933094011,2025-02-15T05:59:40Z,2025-05-08T12:02:30Z,main,0,0
GitHub,solm0,kmuvcd,916623379,2025-01-14T13:14:12Z,2025-05-08T12:02:30Z,main,0,0
GitHub,Noza-Hennyu,noza-site,971512241,2025-04-23T16:24:30Z,2025-05-08T12:02:30Z,main,0,0
GitHub,playxyz,playxyz.github.io,935256035,2025-02-19T06:40:59Z,2025-05-08T12:02:30Z,main,0,1
GitHub,lumina-rocks,lumina,749429232,2024-01-28T15:06:29Z,2025-05-08T12:02:30Z,main,3,1
GitHub,StateDocuments,Connecticut-public,619389164,2023-03-27T03:27:28Z,2025-05-08T12:02:29Z,main,0,0
GitHub,Martvixtor,APDS9960,951315833,2025-03-19T13:44:23Z,2025-05-08T12:02:29Z,main,1,0
GitHub,trd224,interviewQuestions,823246674,2024-07-02T16:57:18Z,2025-05-08T12:02:29Z,master,0,0
GitHub,DEFRA,forms-designer,753542006,2024-02-06T10:27:32Z,2025-05-08T12:02:29Z,main,0,0
GitHub,YiRanMushroom,EasyEngineCore,967875654,2025-04-17T06:22:14Z,2025-05-08T12:02:29Z,master,0,0
GitHub,pathwaycom,pathway,571186647,2022-11-27T13:01:14Z,2025-05-08T12:02:29Z,main,24710,363
GitHub,wini130,GhostCache-API-Cache,951299706,2025-03-19T13:16:43Z,2025-05-08T12:02:29Z,master,0,0
GitHub,Aurocosh,chocolatey-packages,747748541,2024-01-24T15:08:26Z,2025-05-08T12:02:29Z,master,1,0
GitHub,MariaCascone66,Cloudcost-Idle,931505586,2025-02-12T11:48:46Z,2025-05-08T12:02:29Z,main,0,0
GitHub,ChipWolf,ChipWolf,455982266,2022-02-05T20:49:11Z,2025-05-08T12:02:29Z,main,0,0
GitHub,bloodyscar,image-barcode,963816185,2025-04-10T08:51:52Z,2025-05-08T12:02:29Z,main,0,0
GitHub,Well-Legend,Leetcode,947159561,2025-03-12T08:48:22Z,2025-05-08T12:02:29Z,main,0,0
GitHub,lerma19,lerma19.github.io,950646045,2025-03-18T13:32:21Z,2025-05-08T12:02:29Z,main,0,0
GitHub,ndevslk,viu,828995354,2024-07-15T14:41:08Z,2025-05-08T12:02:29Z,main,0,0
GitHub,paul-lin-vox,service-informatique,957502414,2025-03-30T14:34:27Z,2025-05-08T12:02:29Z,main,0,0
GitHub,SrcsGammaPDXCanaryUser,github-Update,811009572,2024-06-05T19:11:00Z,2025-05-08T12:02:29Z,main,0,0
GitHub,geosdi,mappe_scenari_sismici,700226459,2023-10-04T07:33:53Z,2025-05-08T12:02:29Z,main,0,0
GitHub,lubshad,starter,678498400,2023-08-14T17:33:07Z,2025-05-08T12:02:29Z,main,0,0
GitHub,coder,coder,440752086,2021-12-22T06:08:52Z,2025-05-08T12:02:29Z,main,9792,878
GitHub,LauxThomas,LauxThomas,488530940,2022-05-04T09:42:08Z,2025-05-08T12:03:25Z,master,0,0
GitHub,TWODABHINABA,TWOD_Tutorial_Web_Application,929018931,2025-02-07T16:55:54Z,2025-05-08T12:02:29Z,master,0,4
GitHub,dannyaudian,Payroll-Indonesia,970432467,2025-04-22T02:32:09Z,2025-05-08T12:02:29Z,main,0,0
GitHub,CultureSnack,CultureSnack,966766712,2025-04-15T12:27:32Z,2025-05-08T12:02:35Z,main,0,0
GitHub,quadseed,quadseed,412460389,2021-10-01T12:38:57Z,2025-05-08T12:02:29Z,main,0,0
GitHub,zhougth,game,954770349,2025-03-25T15:34:36Z,2025-05-08T12:02:29Z,main,0,0
GitHub,eeeds,Github-Actions-Project,587801653,2023-01-11T16:10:31Z,2025-05-08T12:02:28Z,master,8,0
GitHub,pulagam344,genconnfig,962697111,2025-04-08T14:38:22Z,2025-05-08T12:02:28Z,main,0,0
GitHub,extremelystiff,sandstormplayercount,800124251,2024-05-13T18:41:04Z,2025-05-08T12:02:28Z,main,0,0
GitHub,tyler-dot-earth,mempool.space-json-via-gh,918054985,2025-01-17T06:52:57Z,2025-05-08T12:02:28Z,main,0,0
GitHub,sainthkh,stackbox,973615445,2025-04-27T11:24:50Z,2025-05-08T12:02:28Z,master,0,0
GitHub,Jignesh749,ML_Projects,827101626,2024-07-11T03:08:34Z,2025-05-08T12:02:28Z,main,0,0
GitHub,Kaydeshe,DiskCleanerGen,951314346,2025-03-19T13:41:50Z,2025-05-08T12:02:28Z,main,1,0
GitHub,AngeloIodice22,EasyGPT,951303592,2025-03-19T13:23:33Z,2025-05-08T12:02:28Z,main,0,0
GitHub,Moorigin,Rule,892070299,2024-11-21T13:08:36Z,2025-05-08T12:02:28Z,main,0,0
GitHub,BrookMck,brookmck.github.io,950668936,2025-03-18T14:09:08Z,2025-05-08T12:02:28Z,main,0,0
GitHub,greatfire,news,596687915,2023-02-02T18:14:03Z,2025-05-08T12:02:28Z,master,0,0
GitHub,jordiroca94,vite-react,968312471,2025-04-17T21:33:49Z,2025-05-08T12:02:28Z,main,0,0
GitHub,fgregg,dte-outages,672027050,2023-07-28T18:13:39Z,2025-05-08T12:02:28Z,main,5,0
GitHub,commie294,Bot,970765341,2025-04-22T13:59:07Z,2025-05-08T12:02:27Z,main,0,0
GitHub,lmer15,NEXORA,954846929,2025-03-25T17:52:32Z,2025-05-08T12:02:27Z,master,0,0
GitHub,LeonBlade,DalamudPlugins,323117590,2020-12-20T16:38:58Z,2025-05-08T12:02:27Z,main,55,7
GitHub,isomerpages,imh-smhc,508573189,2022-06-29T06:29:50Z,2025-05-08T12:02:27Z,staging,0,0
GitHub,jihwan2005,wemake,943697059,2025-03-06T05:52:35Z,2025-05-08T12:02:27Z,main,1,0
GitHub,leo13-miku,chstbot,963913868,2025-04-10T12:04:35Z,2025-05-08T12:02:27Z,main,0,0
GitHub,keshav-005,FastFetch-API-Fetch-Enhancer,951300415,2025-03-19T13:18:01Z,2025-05-08T12:02:27Z,master,0,0
GitHub,schijioke-uche,pypi-qiskit-connector,973150194,2025-04-26T11:19:49Z,2025-05-08T12:02:27Z,main,0,0
GitHub,lcauaa,lcauaa,915809106,2025-01-12T21:16:17Z,2025-05-08T12:02:27Z,main,0,0
GitHub,khabarakendi,Khabarak-endi,964459931,2025-04-11T08:47:14Z,2025-05-08T12:02:27Z,main,0,0
GitHub,RPDool,jasonhorrorgame,891385132,2024-11-20T08:39:59Z,2025-05-08T12:02:27Z,main,0,0
GitHub,Aude-Inn,hydre_frontend,968018637,2025-04-17T11:19:42Z,2025-05-08T12:02:27Z,main,0,0
GitHub,GxKirin,GaussianIP,951312811,2025-03-19T13:39:21Z,2025-05-08T12:02:27Z,main,1,0
GitHub,leilei-anthony,odin-javascript,975860244,2025-05-01T03:15:57Z,2025-05-08T12:02:27Z,main,0,0
GitHub,DaniFishh,Time-Warp-Manipulation-Library,951298031,2025-03-19T13:13:48Z,2025-05-08T12:02:26Z,master,0,0
GitHub,vilelarobson0971,os_manut,955611386,2025-03-26T23:09:32Z,2025-05-08T12:02:26Z,main,0,0
GitHub,pvskp,skp-nvim,725878638,2023-12-01T03:57:27Z,2025-05-08T12:02:26Z,main,0,0
GitHub,duongoku,duongoku,423747186,2021-11-02T07:35:56Z,2025-05-08T12:02:26Z,master,0,0
GitHub,NotQuis,cpp-match,951295122,2025-03-19T13:08:57Z,2025-05-08T12:02:26Z,main,0,0
GitHub,deeeepio-archive,forumPosts,969917988,2025-04-21T06:32:42Z,2025-05-08T12:02:26Z,main,0,0
GitHub,srikanthsoft2001,client,976064962,2025-05-01T12:29:45Z,2025-05-08T12:02:26Z,main,0,0
GitHub,booneema,CAD,871926489,2024-10-13T10:36:40Z,2025-05-08T12:02:26Z,main,0,0
GitHub,ahmedyaser95,SQL-Mongo-Query-Converter,951298869,2025-03-19T13:15:15Z,2025-05-08T12:02:26Z,master,1,0
GitHub,chutural,WEBDEV1,917449965,2025-01-16T02:20:07Z,2025-05-08T12:02:26Z,main,0,0
GitHub,Foolish111,Projet-IA,927215850,2025-02-04T15:43:52Z,2025-05-08T12:02:26Z,main,0,0
GitHub,visualneuroscience,visualneuroscience.github.io,804402599,2024-05-22T14:15:55Z,2025-05-08T12:02:26Z,main,2,0
GitHub,diversi-tech,braverman-front,815694598,2024-06-15T21:29:31Z,2025-05-08T12:02:26Z,main,0,1
GitHub,beigeworm,PicoLogger-Hardware-Keylogger,947843765,2025-03-13T10:36:22Z,2025-05-08T12:02:26Z,main,9,3
GitHub,NetApp,harvest,360661751,2021-04-22T19:36:41Z,2025-05-08T12:02:26Z,main,162,41
GitHub,MrSimple07,MachineLearning_ITMO,707204179,2023-10-19T12:32:31Z,2025-05-08T12:02:26Z,main,3,0
GitHub,eea,eea.rancher.catalog,48365759,2015-12-21T10:26:34Z,2025-05-08T12:02:26Z,master,16,9
GitHub,akfmdl,mlops-lifecycle,958413849,2025-04-01T06:51:40Z,2025-05-08T12:02:26Z,main,0,0
GitHub,p3h3,Voltaic-Interface-Dev,667992039,2023-07-18T19:08:08Z,2025-05-08T12:02:26Z,main,0,0
GitHub,bubakua,rsbuild-template-starter,951302913,2025-03-19T13:22:22Z,2025-05-08T12:02:26Z,main,1,0
GitHub,hmrc,income-tax-penalties-appeals-frontend,884317335,2024-11-06T14:35:11Z,2025-05-08T12:02:25Z,main,0,0
GitHub,Ayush8923,nextjs-init,950437590,2025-03-18T06:50:24Z,2025-05-08T12:02:25Z,develop,0,0
GitHub,Lubylene,Portifolio,957915672,2025-03-31T11:01:01Z,2025-05-08T12:02:25Z,main,0,0
GitHub,LeeSeungChan-1,hooked-app,969588801,2025-04-20T13:52:36Z,2025-05-08T12:02:25Z,master,0,0
GitHub,swiyu-admin-ch,community,923626891,2025-01-28T15:32:32Z,2025-05-08T12:02:25Z,main,6,0
GitHub,serhii-m-prime,diy-environment-monitor,975064054,2025-04-29T18:14:45Z,2025-05-08T12:02:25Z,main,0,0
GitHub,andrew-andrushchenko,Walleria,525795850,2022-08-17T13:07:14Z,2025-05-08T12:02:25Z,master,33,5
GitHub,Ssteier2016,HANDLEPHONE,958704186,2025-04-01T16:19:07Z,2025-05-08T12:02:25Z,main,0,0
GitHub,taori,S4u.Analyzers,945256225,2025-03-09T02:18:49Z,2025-05-08T12:03:25Z,main,0,0
GitHub,MaximianoEduardo,MaximianoEduardo,292277755,2020-09-02T12:33:00Z,2025-05-08T12:02:25Z,master,0,0
GitHub,omertonkus,omertonkus,705696843,2023-10-16T14:15:29Z,2025-05-08T12:03:59Z,main,0,0
GitHub,ISOF-ITD,PublikUtforska-GUI,233802669,2020-01-14T09:18:38Z,2025-05-08T12:03:58Z,master,2,0
GitHub,dhvanit2804,Full_Stack_Dhvanit,913266403,2025-01-07T10:55:51Z,2025-05-08T12:03:57Z,main,0,0
GitHub,aws-aemilia-lhr,Github-PR-Commit-Integration-Test-DoNotTouch-GitHubAutoBuildPushCanaryTest-v1-preprod-eu-west-2,810151735,2024-06-04T06:33:45Z,2025-05-08T12:03:57Z,main,0,0
GitHub,Neohand,Neohand,968152233,2025-04-17T15:38:49Z,2025-05-08T12:03:57Z,main,0,0
GitHub,L0rdWerther,L0rdWerther,963924291,2025-04-10T12:24:25Z,2025-05-08T12:03:57Z,main,0,0
GitHub,ccmuyuu,bilibili-emotes,528301917,2022-08-24T06:53:49Z,2025-05-08T12:03:56Z,master,120,9
GitHub,hookzof,socks5_list,200941132,2019-08-07T00:10:58Z,2025-05-08T12:03:56Z,master,794,167
GitHub,AndriiGudz,autoschluessel,974715718,2025-04-29T07:42:49Z,2025-05-08T12:03:56Z,main,0,0
GitHub,gerritjandebruin,knmi-10min,949413864,2025-03-16T12:09:54Z,2025-05-08T12:03:56Z,main,0,0
GitHub,Matt-Olek,Latent-Space-TS-Augmentation,803942183,2024-05-21T16:49:08Z,2025-05-08T12:03:56Z,main,4,2
GitHub,Mateja1Flipper,Adobe-After-Effects-Cr,952631310,2025-03-21T15:51:24Z,2025-05-08T12:03:56Z,main,0,0
GitHub,SpenserJ,SpenserJ,446461754,2022-01-10T14:44:13Z,2025-05-08T12:03:56Z,main,0,0
GitHub,aws-aemilia-cdg,Github-PR-Commit-Integration-Test-DoNotTouch-GitHubAutoBuildPushCanaryTest-v1-preprod-eu-west-3,810151807,2024-06-04T06:33:57Z,2025-05-08T12:03:56Z,main,0,0
GitHub,alexhl005,aws-terraform-ansible,949355410,2025-03-16T09:12:05Z,2025-05-08T12:03:56Z,main,0,0
GitHub,ampl,amplpy,95500787,2017-06-27T00:22:07Z,2025-05-08T12:03:56Z,master,80,20
GitHub,wenchanggai,image,893874163,2024-11-25T11:08:12Z,2025-05-08T12:03:56Z,main,0,0
GitHub,shivani920,erp-task,810205221,2024-06-04T08:49:30Z,2025-05-08T12:03:56Z,main,0,0
GitHub,tannerhawkins,tannerhawkins,684223328,2023-08-28T17:46:21Z,2025-05-08T12:03:56Z,main,0,0
GitHub,butterfly-39,attendance_management_system_20250403,959770830,2025-04-03T10:24:52Z,2025-05-08T12:03:55Z,main,0,0
GitHub,simplefastfunnels254,tg-cybersec,952641435,2025-03-21T16:11:18Z,2025-05-08T12:03:55Z,master,1,0
GitHub,ash161204,An-attempt-to-predict-the-behavior-of-the-properties-of-the-secp256k1-Elliptic-Curve,952640473,2025-03-21T16:09:19Z,2025-05-08T12:03:55Z,main,0,0
GitHub,dfinity,oisy-wallet,675647111,2023-08-07T12:00:09Z,2025-05-08T12:03:55Z,main,128,31
GitHub,29261821,1132-1N-demo-pengsenFang-10,935992356,2025-02-20T11:01:06Z,2025-05-08T12:03:55Z,main,0,0
GitHub,Efarty,rainbow,882702661,2024-11-03T14:39:53Z,2025-05-08T12:03:55Z,main,0,0
GitHub,clockmaker2020,selenium-screenshot-project,844570153,2024-08-19T14:24:37Z,2025-05-08T12:03:55Z,main,1,0
GitHub,apricote,nest-pg-boss,610027578,2023-03-05T23:24:26Z,2025-05-08T12:03:55Z,main,20,10
GitHub,nabilwafi,reforestation,908150577,2024-12-25T09:20:42Z,2025-05-08T12:03:55Z,main,0,0
GitHub,ThomasQTruong,Codes-for-Games,409476680,2021-09-23T06:36:23Z,2025-05-08T12:03:55Z,master,0,0
GitHub,harshaadeshmukh,Shabancha-shunya,970891925,2025-04-22T17:35:40Z,2025-05-08T12:03:55Z,main,0,0
GitHub,kabiraj-1,Our-Ancestors,934342339,2025-02-17T17:07:11Z,2025-05-08T12:03:55Z,main,1,0
GitHub,statnett,image-scanner-operator,585957915,2023-01-06T14:54:59Z,2025-05-08T12:03:55Z,main,27,9
GitHub,SrcsBetaPDXCanaryUser,github-Put,811021568,2024-06-05T19:42:09Z,2025-05-08T12:03:55Z,main,0,0
GitHub,zeikar,fairy-of-grass,321597584,2020-12-15T08:12:14Z,2025-05-08T12:03:55Z,master,16,1
GitHub,davewins,OrderProcessingApplication,960495822,2025-04-04T14:32:22Z,2025-05-08T12:03:55Z,main,0,0
GitHub,mosalad21,Adobe-Acrobat-cr,952642118,2025-03-21T16:12:37Z,2025-05-08T12:03:55Z,main,0,0
GitHub,muhopensores,dmc4_hook,225172831,2019-12-01T14:14:17Z,2025-05-08T12:03:55Z,master,27,2
GitHub,ibuchix,auto-strada001testing,906442365,2024-12-20T23:27:16Z,2025-05-08T12:03:55Z,main,0,0
GitHub,evanjarrett,homelab,862630387,2024-09-24T23:33:48Z,2025-05-08T12:04:00Z,main,2,0
GitHub,Khoa-CNTT,XDWDTDLT2685,958395639,2025-04-01T06:08:52Z,2025-05-08T12:03:54Z,main,0,0
GitHub,jtprogru,jtprogru,284025362,2020-07-31T11:53:04Z,2025-05-08T12:03:54Z,master,2,0
GitHub,PolyMC,meta-polymc,452815644,2022-01-27T19:25:40Z,2025-05-08T12:03:54Z,master,10,11
GitHub,A2Workshop,a2workshop.github.io,930502463,2025-02-10T18:29:15Z,2025-05-08T12:03:54Z,main,0,0
GitHub,0Abdalla0,courseRegistration,969180772,2025-04-19T15:15:20Z,2025-05-08T12:03:54Z,main,0,0
GitHub,babaisnyan,babaisnyan,364726512,2021-05-05T22:58:55Z,2025-05-08T12:03:54Z,main,0,0
GitHub,randrescastaneda,randrescastaneda,624151527,2023-04-05T21:17:55Z,2025-05-08T12:03:54Z,main,0,0
GitHub,aazw,github-planter,847230827,2024-08-25T08:11:18Z,2025-05-08T12:03:54Z,main,0,0
GitHub,Novitatrw30,my_portfolio,945339618,2025-03-09T07:18:15Z,2025-05-08T12:03:54Z,main,0,0
GitHub,katerynatroian,lab5_office-service,960869046,2025-04-05T08:35:01Z,2025-05-08T12:03:54Z,main,0,0
GitHub,oxdjww,PS,886124902,2024-11-10T09:10:20Z,2025-05-08T12:03:54Z,main,0,0
GitHub,Topai69,Gnome,945907644,2025-03-10T10:09:57Z,2025-05-08T12:03:54Z,main,0,0
GitHub,vitor-dornela,Java-EstruturaDeDados,939701157,2025-02-27T00:50:52Z,2025-05-08T12:03:54Z,main,0,0
GitHub,bosnivan,bosnivan.github.io,470288467,2022-03-15T18:39:44Z,2025-05-08T12:03:54Z,main,1,0
GitHub,buyikun,myown,694607727,2023-09-21T10:37:43Z,2025-05-08T12:03:54Z,main,0,0
GitHub,Discord-Team-Builder,Team-Builder-FE,968703636,2025-04-18T15:17:34Z,2025-05-08T12:03:54Z,main,0,1
GitHub,meex28,aws-lambda-performance-master-thesis,908909976,2024-12-27T09:13:58Z,2025-05-08T12:03:53Z,main,0,0
GitHub,pageon,uptime,325622421,2020-12-30T18:36:51Z,2025-05-08T12:03:53Z,master,1,0
GitHub,kitty4luci,DataKitsune,952630633,2025-03-21T15:50:00Z,2025-05-08T12:03:53Z,main,0,0
GitHub,Wildhoney,Leaflet.FreeDraw,23042153,2014-08-17T14:22:33Z,2025-05-08T12:03:53Z,master,556,104
GitHub,m-avagyan,m-avagyan,486113686,2022-04-27T08:44:32Z,2025-05-08T12:03:53Z,master,0,0
GitHub,arttuara-m,FG2Project2JS,972463985,2025-04-25T05:57:37Z,2025-05-08T12:03:53Z,main,0,0
GitHub,nanexcool,pumpthegas,772186631,2024-03-14T17:41:40Z,2025-05-08T12:03:53Z,main,1,10
GitHub,CordeiroLab,CordeiroLab.github.io,960036281,2025-04-03T18:53:30Z,2025-05-08T12:03:53Z,main,0,0
GitHub,geekofer,sports-static-api,417148473,2021-10-14T13:49:27Z,2025-05-08T12:03:53Z,main,1,0
GitHub,benjamin-branchware,benjamin-branchware,958854566,2025-04-01T21:49:48Z,2025-05-08T12:03:53Z,main,0,0
GitHub,KillianFvt,mspr_covid_ekym,936044859,2025-02-20T12:46:48Z,2025-05-08T12:03:53Z,main,0,0
GitHub,Tamnate4555,Tonzabrode,958529444,2025-04-01T10:50:23Z,2025-05-08T12:03:53Z,main,0,0
GitHub,naufalmustari,Adobe-Photoshop,952633522,2025-03-21T15:55:38Z,2025-05-08T12:03:53Z,main,0,0
GitHub,codezShivamAnand,Learning-Web-Dev-,932246484,2025-02-13T15:56:26Z,2025-05-08T12:03:52Z,main,0,0
GitHub,Akalanka99,Pawfect_Daycare_Frontend,865540870,2024-09-30T17:42:18Z,2025-05-08T12:03:52Z,main,0,0
GitHub,renechiquete,testrepository,191580742,2019-06-12T13:51:54Z,2025-05-08T12:03:52Z,master,0,0
GitHub,Antonpanton37,Skelettet,941959927,2025-03-03T10:43:49Z,2025-05-08T12:03:52Z,main,0,0
GitHub,Matsuuu,dotfiles,261889750,2020-05-06T22:11:09Z,2025-05-08T12:03:52Z,master,64,7
GitHub,ohmae,code-reader,365730517,2021-05-09T10:57:09Z,2025-05-08T12:03:52Z,master,8,1
GitHub,Sobunge,pensasha-houses,937209368,2025-02-22T15:43:56Z,2025-05-08T12:03:52Z,main,0,0
GitHub,gururaj9790,bambot,952627476,2025-03-21T15:43:51Z,2025-05-08T12:03:52Z,main,0,0
GitHub,basilX2,pnl,969140309,2025-04-19T13:33:11Z,2025-05-08T12:03:52Z,main,0,0
GitHub,chriskari,bachelor-thesis,923583201,2025-01-28T14:08:19Z,2025-05-08T12:03:52Z,main,0,0
GitHub,kiruthika119,LeetCode-Programs,972562453,2025-04-25T09:27:54Z,2025-05-08T12:03:51Z,main,0,0
GitHub,t1ago,vendor_service,972218826,2025-04-24T18:09:57Z,2025-05-08T12:03:51Z,main,0,0
GitHub,iabraham,ece220-sp25,920209195,2025-01-21T18:49:14Z,2025-05-08T12:03:51Z,main,2,0
GitHub,Foxune-Meow,pogoda,935559087,2025-02-19T16:35:56Z,2025-05-08T12:03:51Z,main,0,0
GitHub,yaseenscodemuseum,yaseenscodemuseum,972150454,2025-04-24T16:01:05Z,2025-05-08T12:03:51Z,main,0,0
GitHub,Pedrobrgss,SpringBoot-restaurante,955386524,2025-03-26T14:59:39Z,2025-05-08T12:03:51Z,main,0,0
GitHub,ChrisMcKenzie,ChrisMcKenzie,375401351,2021-06-09T15:20:44Z,2025-05-08T12:03:51Z,main,0,0
GitHub,salmamokhtaar,Mern_Book_Project-Group,819287517,2024-06-24T07:58:13Z,2025-05-08T12:03:54Z,main,0,0
GitHub,bryopsida,blocklist,799679734,2024-05-12T21:02:11Z,2025-05-08T12:03:52Z,main,1,0
GitHub,ADAMLAYAN,Frostpunk-2-Trainer-Cheats,952390572,2025-03-21T07:49:50Z,2025-05-08T12:03:51Z,main,0,0
GitHub,AvaloniaInside,Shell,597366500,2023-02-04T10:24:00Z,2025-05-08T12:03:51Z,develop,210,12
GitHub,demonsofhe,Onion-Rings,952630078,2025-03-21T15:48:57Z,2025-05-08T12:03:51Z,master,0,0
GitHub,NE-XTLEVEL,Travo_FE,958337818,2025-04-01T03:12:22Z,2025-05-08T12:03:51Z,main,0,1
GitHub,Kapil-Bhalodiya,E-commerce-Platform,952296653,2025-03-21T03:45:59Z,2025-05-08T12:03:51Z,main,0,0
GitHub,adelo42,heartbeat,832367227,2024-07-22T22:05:34Z,2025-05-08T12:03:51Z,main,0,0
GitHub,alinashapka,stp-8894,976227000,2025-05-01T18:18:49Z,2025-05-08T12:03:51Z,main,0,0
GitHub,Maloy-Android,Muzza,848925991,2024-08-28T16:54:02Z,2025-05-08T12:03:51Z,main,176,9
GitHub,YeryCintru,SmartCarCode,966827981,2025-04-15T14:10:24Z,2025-05-08T12:03:51Z,main,0,0
GitHub,4438Th,HotelManagement_CNPM_HKI_2425,976039379,2025-05-01T11:25:43Z,2025-05-08T12:03:51Z,master,0,0
GitHub,simula,damast-ais-showcase,671377016,2023-07-27T07:20:05Z,2025-05-08T12:03:51Z,main,0,0
GitHub,CanDenizGokgedik,ceng311inclass,932141473,2025-02-13T12:43:12Z,2025-05-08T12:03:51Z,main,0,0
GitHub,Naresh-516,Blogify_Backend,975909929,2025-05-01T06:08:50Z,2025-05-08T12:03:51Z,main,0,0
GitHub,mathewsip,ev-fleet,713449151,2023-11-02T14:42:54Z,2025-05-08T12:03:51Z,main,0,0
GitHub,pkboom,pkboom,579143081,2022-12-16T19:15:18Z,2025-05-08T12:03:50Z,master,2,0
GitHub,sakana164,Build-Kernel-Action,790663133,2024-04-23T09:46:40Z,2025-05-08T12:03:50Z,main,1,0
GitHub,Verma-Lab,platlas-backend,904124550,2024-12-16T09:50:14Z,2025-05-08T12:03:50Z,main,0,0
GitHub,DivineDemon,digimark-landing,954174292,2025-03-24T17:12:08Z,2025-05-08T12:03:50Z,main,0,0
GitHub,Helikopter-Bojowy,Exp-na-helikopterze,352069365,2021-03-27T12:38:30Z,2025-05-08T12:03:50Z,main,7,6
GitHub,Prabhashperera,POS-System,965208414,2025-04-12T16:47:25Z,2025-05-08T12:03:50Z,main,0,0
GitHub,TopoHedralLabs,topohedral-integrate,830469343,2024-07-18T10:35:05Z,2025-05-08T12:04:03Z,dev,0,0
GitHub,PradnyaKamble2618,open-repoprompt,952628693,2025-03-21T15:46:14Z,2025-05-08T12:03:50Z,main,2,0
GitHub,Ayush76-Dhama,swfreact,963718751,2025-04-10T05:34:10Z,2025-05-08T12:03:50Z,main,0,0
GitHub,davidbeard741,flat,642983760,2023-05-19T19:57:09Z,2025-05-08T12:03:50Z,main,1,0
GitHub,xiaoweige1101,xiaoweige1101.github.io,969119690,2025-04-19T12:36:52Z,2025-05-08T12:03:50Z,main,0,0
GitHub,lonelilbot,musixmatch-token,726746424,2023-12-03T09:18:02Z,2025-05-08T12:03:50Z,main,5,0
GitHub,GDGoCINHA,24-2_GDGoC_Web,883621792,2024-11-05T09:40:30Z,2025-05-08T12:03:50Z,develop,1,1
GitHub,syedrudro,number-float64-base-identity,952625628,2025-03-21T15:40:24Z,2025-05-08T12:03:50Z,main,0,0
GitHub,meharsarmad786,commit-bot,962557475,2025-04-08T10:31:59Z,2025-05-08T12:03:49Z,main,0,0
GitHub,LelMam,fgdssdfgFSDFFfff,796072037,2024-05-04T21:13:36Z,2025-05-08T12:03:49Z,main,0,0
GitHub,Nuriia-I,Palia-Script,952738166,2025-03-21T19:43:45Z,2025-05-08T12:03:49Z,main,0,0
GitHub,Toluna-IP,s2sClientRedirectGuide,967637824,2025-04-16T19:03:42Z,2025-05-08T12:03:49Z,main,0,0
GitHub,koussay183,moviea,800029339,2024-05-13T15:07:42Z,2025-05-08T12:03:49Z,main,1,0
GitHub,lbunproject,BASEswap-api-price,595388029,2023-01-31T01:05:36Z,2025-05-08T12:03:49Z,main,0,1
GitHub,ATIX-AG,foreman_acd,223352015,2019-11-22T07:53:44Z,2025-05-08T12:03:56Z,master,6,4
GitHub,ooad-2024-2025,Grupa8-Tim4,951930492,2025-03-20T13:18:10Z,2025-05-08T12:03:49Z,main,0,0
GitHub,zhiyue,zhiyue,465623808,2022-03-03T08:03:13Z,2025-05-08T12:03:49Z,main,1,0
GitHub,roberthsu2003,__2025_04_29_python_2_4,974862751,2025-04-29T12:21:43Z,2025-05-08T12:03:49Z,main,28,4
GitHub,yonghengdiao,Merge-bot-Gui,952626306,2025-03-21T15:41:42Z,2025-05-08T12:03:49Z,main,0,0
GitHub,ChristofferLaet,tema6boots,976024544,2025-05-01T10:47:15Z,2025-05-08T12:03:49Z,main,0,0
GitHub,Rhedonderon,Project,781231181,2024-04-03T01:46:27Z,2025-05-08T12:03:49Z,main,0,0
GitHub,yfyuy,Roblox-Blox-Fruits-Script-2025,952396846,2025-03-21T08:03:46Z,2025-05-08T12:03:48Z,main,16,15
GitHub,aldebarran22,postgresql,869386633,2024-10-08T07:58:49Z,2025-05-08T12:03:48Z,main,0,0
GitHub,invariant-labs,leaderboard,899410471,2024-12-06T07:57:44Z,2025-05-08T12:03:48Z,master,2,2
GitHub,MEHDIJAD,Philosophers,948154862,2025-03-13T20:57:34Z,2025-05-08T12:03:48Z,main,0,0
GitHub,qatarvpn,vpnme,893165194,2024-11-23T17:50:19Z,2025-05-08T12:03:48Z,main,0,0
GitHub,roukydesbois,homelab,910436607,2024-12-31T09:13:05Z,2025-05-08T12:03:48Z,main,1,0
GitHub,prasad5795,personal-portfolio,964424326,2025-04-11T07:34:50Z,2025-05-08T12:03:48Z,master,0,0
GitHub,Acqu,www.capitalprint.com,940048284,2025-02-27T14:30:48Z,2025-05-08T12:03:48Z,main,0,0
GitHub,alfatah,alfatah.github.io,176655597,2019-03-20T04:47:34Z,2025-05-08T12:03:48Z,master,1,0
GitHub,Greenmouse-Experts,Mobi-holder,869028901,2024-10-07T15:42:30Z,2025-05-08T12:03:48Z,main,0,0
GitHub,Pelectrome,linux-commands,795372482,2024-05-03T06:21:58Z,2025-05-08T12:03:48Z,main,1,0
GitHub,tgmgroup,Impress-Spring-2025,969369852,2025-04-20T01:46:54Z,2025-05-08T12:03:48Z,main,0,0
GitHub,moprius,audios,822357842,2024-07-01T02:00:27Z,2025-05-08T12:03:48Z,main,0,0
GitHub,Florence-Martin,PO-UX-UI-DATA,953013827,2025-03-22T11:20:25Z,2025-05-08T12:03:48Z,main,0,0
GitHub,ymyuuu,IPDB,717989581,2023-11-13T06:02:16Z,2025-05-08T12:03:48Z,main,1826,669
GitHub,kailash-manasarovar,statement,886353905,2024-11-10T19:45:59Z,2025-05-08T12:03:48Z,main,0,0
GitHub,mokkajave,Gruppe9_EKSAMEN,974106690,2025-04-28T09:08:18Z,2025-05-08T12:03:48Z,main,0,0
GitHub,galvanoteca2001,FLOW,894252697,2024-11-26T03:00:07Z,2025-05-08T12:03:48Z,main,0,0
GitHub,fundor333,fundor333,279844677,2020-07-15T11:02:52Z,2025-05-08T12:03:47Z,master,3,2
GitHub,Dipanhsu-Shukla,BOBRYK_portplio,952254399,2025-03-21T01:31:05Z,2025-05-08T12:03:47Z,main,0,0
GitHub,PatrickKvartsaniy,geomundus-website,963432448,2025-04-09T17:12:26Z,2025-05-08T12:03:47Z,main,0,0
GitHub,Huniity,frontend1-aulas,958758886,2025-04-01T18:02:37Z,2025-05-08T12:03:47Z,main,0,0
GitHub,ishaqyusuf,schoolclerk,961047627,2025-04-05T16:33:13Z,2025-05-08T12:03:47Z,main,0,0
GitHub,anasty17,mirror-leech-telegram-bot,412876502,2021-10-02T18:12:12Z,2025-05-08T12:03:47Z,master,3683,4881
GitHub,nophDog,random,229876365,2019-12-24T05:28:16Z,2025-05-08T12:03:47Z,master,2,1
GitHub,GoPlugin,web3-rpc-provider,968469302,2025-04-18T06:17:32Z,2025-05-08T12:03:47Z,main,0,0
GitHub,Treamyracle,GSC2025_SPS,968136818,2025-04-17T15:10:25Z,2025-05-08T12:03:47Z,main,0,0
GitHub,commit-ment-issues,software-development-project-1,958560748,2025-04-01T11:56:40Z,2025-05-08T12:03:47Z,master,0,0
GitHub,thanados-network,zbiva-database-export,860330817,2024-09-20T08:34:18Z,2025-05-08T12:03:46Z,main,0,0
GitHub,aalok-exe,links,952384123,2025-03-21T07:36:16Z,2025-05-08T12:03:46Z,main,0,0
GitHub,Leen-Mashlah,tlbisibida,882247746,2024-11-02T09:49:44Z,2025-05-08T12:03:46Z,main,0,0
GitHub,tecnologia733,lp,928425801,2025-02-06T16:10:05Z,2025-05-08T12:03:46Z,main,0,0
GitHub,pmcp,alexdeforce_v2,825084491,2024-07-06T18:14:44Z,2025-05-08T12:03:46Z,main,0,0
GitHub,Anshika124,space-quiz,868015715,2024-10-05T08:51:10Z,2025-05-08T12:03:46Z,main,0,0
GitHub,Kpidolls,GMmentor,826184747,2024-07-09T08:27:16Z,2025-05-08T12:03:46Z,main,0,0
GitHub,wouterstultiens,traffic-light,937557636,2025-02-23T11:06:06Z,2025-05-08T12:03:46Z,main,0,0
GitHub,promakromed,erp,968563408,2025-04-18T10:02:24Z,2025-05-08T12:03:46Z,main,0,0
GitHub,sapojaroslav,Shrestha-Files,952371885,2025-03-21T07:07:58Z,2025-05-08T12:03:46Z,main,0,0
GitHub,Mathes76,IBM_GenAI,973693113,2025-04-27T14:41:15Z,2025-05-08T12:03:46Z,main,0,0
GitHub,nlip-project,.github,866251208,2024-10-01T23:03:29Z,2025-05-08T12:03:46Z,main,0,1
GitHub,M7DEVIP,Weight-Converter,952380732,2025-03-21T07:28:28Z,2025-05-08T12:03:46Z,main,0,0
GitHub,leirevalencia,weather-react,709936979,2023-10-25T17:32:33Z,2025-05-08T12:03:46Z,master,0,0
GitHub,R2Traders,server,756609574,2024-02-13T00:06:04Z,2025-05-08T12:03:45Z,main,1,0
GitHub,gautampardeshi,catly,964507371,2025-04-11T10:18:59Z,2025-05-08T12:03:45Z,main,0,0
GitHub,Nishant-444,Portfolio,961219014,2025-04-06T02:48:51Z,2025-05-08T12:04:04Z,main,1,0
GitHub,hashbrown-github,retina,840318093,2024-08-09T12:43:03Z,2025-05-08T12:03:45Z,main,0,0
GitHub,huucanh0511,Startup-Profitability-Prediction,952371262,2025-03-21T07:06:32Z,2025-05-08T12:03:45Z,main,0,0
GitHub,chanti-logic,Handbuch,975099792,2025-04-29T19:28:56Z,2025-05-08T12:03:45Z,main,0,0
GitHub,vjpranesh,Wipro-Training,974976450,2025-04-29T15:32:59Z,2025-05-08T12:03:45Z,main,0,0
GitHub,4D4937,Others,92650750,2017-05-28T09:05:57Z,2025-05-08T12:03:45Z,master,1,0
GitHub,Nguyenngotramy,DACN,965455462,2025-04-13T07:48:20Z,2025-05-08T12:03:45Z,main,0,0
GitHub,b3no1t,DevLinks,772448389,2024-03-15T08:02:12Z,2025-05-08T12:03:45Z,main,0,0
GitHub,DanielDiogo98,IW-2_2025,930286372,2025-02-10T11:43:30Z,2025-05-08T12:03:45Z,main,0,0
GitHub,LibreOffice,core,14021280,2013-10-31T15:46:52Z,2025-05-08T12:03:45Z,master,3092,680
GitHub,pirozhok1985,Cryptography,903649618,2024-12-15T07:05:16Z,2025-05-08T12:03:45Z,master,0,0
GitHub,ekanata14,al-ihsaan-islamic-festival-registration,975470637,2025-04-30T11:16:12Z,2025-05-08T12:03:45Z,main,0,0
GitHub,m1ndgames,m1ndgames,477505877,2022-04-04T00:53:35Z,2025-05-08T12:03:45Z,main,0,0
GitHub,Mesquita2,cronometroreact,963933380,2025-04-10T12:40:56Z,2025-05-08T12:03:45Z,main,0,0
GitHub,ABDUR-RAHIM1,ar-academy-server,966717157,2025-04-15T10:53:01Z,2025-05-08T12:03:45Z,main,0,0
GitHub,lacee677,lacee677,359895045,2021-04-20T17:14:50Z,2025-05-08T12:03:45Z,main,0,0
GitHub,bola-cloud,ictc,901402688,2024-12-10T15:38:44Z,2025-05-08T12:03:44Z,main,0,0
GitHub,Agolomanyaa,Genel-Projem,960909547,2025-04-05T10:32:20Z,2025-05-08T12:03:44Z,main,0,0
GitHub,PotatoesSkill,2,605828707,2023-02-24T01:32:01Z,2025-05-08T12:03:44Z,main,0,1
GitHub,AndrobaL,AndrobaL,364289791,2021-05-04T14:48:33Z,2025-05-08T12:03:44Z,main,0,1
GitHub,Mage2developer,laravel-react,969940851,2025-04-21T07:25:52Z,2025-05-08T12:03:44Z,master,0,0
GitHub,tyutyutyu,tyutyutyu,743269993,2024-01-14T20:38:44Z,2025-05-08T12:03:44Z,main,0,0
GitHub,hivemq,helm-charts,273000293,2020-06-17T14:45:23Z,2025-05-08T12:03:44Z,develop,25,18
GitHub,FTacke,hispanistica,976146697,2025-05-01T15:26:34Z,2025-05-08T12:04:02Z,main,0,0
GitHub,wywzxxz,proof-that-stock-is-predictable,974662176,2025-04-29T05:52:11Z,2025-05-08T12:03:44Z,main,0,0
GitHub,lrz80,chatbot-backend,964845170,2025-04-11T22:16:32Z,2025-05-08T12:03:43Z,main,0,0
GitHub,eversoneder,mycv,279984743,2020-07-15T21:36:18Z,2025-05-08T12:03:43Z,master,0,0
GitHub,feedarchive,libera-newsbot-live,273106075,2020-06-18T00:33:51Z,2025-05-08T12:03:43Z,master,4,1
GitHub,youssefsayari,internshipEspritplatformFront,930438758,2025-02-10T16:28:52Z,2025-05-08T12:03:43Z,main,1,0
GitHub,kurianbenoy,whisper_normalizer,617026254,2023-03-21T14:57:13Z,2025-05-08T12:03:43Z,main,58,12
GitHub,G10-API-Consulting,ReviewEngine,963955640,2025-04-10T13:20:41Z,2025-05-08T12:03:43Z,main,0,0
GitHub,spring-cloud,spring-cloud-openfeign,120363922,2018-02-05T21:26:12Z,2025-05-08T12:03:43Z,main,1250,798
GitHub,MilordTD,milordtd.github.io,819469311,2024-06-24T15:07:29Z,2025-05-08T12:03:43Z,main,0,0
GitHub,Project-Silicium,Mu-Silicium,581816425,2022-12-24T12:52:51Z,2025-05-08T12:03:43Z,main,232,100
GitHub,u4nf,vocabber,937423000,2025-02-23T02:26:08Z,2025-05-08T12:03:43Z,main,0,0
GitHub,FVS-aud,CFTec-2.0,976033247,2025-05-01T11:09:49Z,2025-05-08T12:03:43Z,main,0,0
GitHub,ndlxp2008,btree-blog,969585564,2025-04-20T13:43:52Z,2025-05-08T12:03:43Z,master,1,0
GitHub,r00tee,Proxy-List,757121845,2024-02-13T21:06:55Z,2025-05-08T12:03:43Z,main,115,10
GitHub,cloudgsx,regopolicies,887888470,2024-11-13T13:09:30Z,2025-05-08T12:04:07Z,main,0,0
GitHub,HelioWoi,liveplan3,976034054,2025-05-01T11:11:51Z,2025-05-08T12:03:42Z,main,0,0
GitHub,a972280624,rss_action,966277054,2025-04-14T17:13:03Z,2025-05-08T12:03:42Z,main,0,0
GitHub,gorillabbit,cyclic_todo,751361809,2024-02-01T13:12:46Z,2025-05-08T12:04:05Z,master,0,0
GitHub,Eqbal-eo,Blog,968063539,2025-04-17T12:54:44Z,2025-05-08T12:03:42Z,main,1,0
GitHub,rancoud,Model,144625566,2018-08-13T19:38:19Z,2025-05-08T12:03:42Z,master,3,0
GitHub,Aman-Kumar-ak,Masala-Madness,964323576,2025-04-11T03:17:37Z,2025-05-08T12:03:42Z,main,0,0
GitHub,productsupcom,bin-cde-richemont-heinemann,666412050,2023-07-14T12:59:44Z,2025-05-08T12:03:42Z,main,0,0
GitHub,aleks-haksly,stratascratch,958547379,2025-04-01T11:28:35Z,2025-05-08T12:03:42Z,main,0,0
GitHub,rigizer,algorithm,582318977,2022-12-26T12:53:04Z,2025-05-08T12:03:42Z,main,1,0
GitHub,thoppe,getgov_monitor,928986746,2025-02-07T15:49:43Z,2025-05-08T12:03:42Z,main,0,0
GitHub,anoopgarlapati,sbi-tt-rates-archive,821773241,2024-06-29T11:49:42Z,2025-05-08T12:03:42Z,main,0,0
GitHub,dmikhr,pdfjuicer,971356620,2025-04-23T11:59:33Z,2025-05-08T12:03:42Z,main,0,0
GitHub,roycanales17,Web-Utilities,918942874,2025-01-19T09:42:48Z,2025-05-08T12:04:05Z,main,0,0
GitHub,MoonlitJolteon,MoonlitJolteon,421522760,2021-10-26T17:31:52Z,2025-05-08T12:03:42Z,main,0,0
GitHub,FlareFlo,tapfer,965580089,2025-04-13T13:31:06Z,2025-05-08T12:03:41Z,master,1,0
GitHub,Informatievlaanderen,data.vlaanderen.be2,930810323,2025-02-11T08:51:28Z,2025-05-08T12:03:41Z,production,2,0
GitHub,AbhishekGupta-developer,traceboard,959828303,2025-04-03T12:21:04Z,2025-05-08T12:03:41Z,master,0,0
GitHub,dpangestuw,Free-Proxy,896318576,2024-11-30T03:34:02Z,2025-05-08T12:03:41Z,main,51,9
GitHub,desy-ml,cheetah,424912087,2021-11-05T10:40:17Z,2025-05-08T12:03:41Z,master,45,19
GitHub,Naveen991222,github-actions,932679826,2025-02-14T10:18:45Z,2025-05-08T12:03:41Z,main,0,0
GitHub,ECC-BFMC,Brain,193698959,2019-06-25T11:58:26Z,2025-05-08T12:03:41Z,master,18,49
GitHub,psalmazzi,psalmazzi.github.io,965361463,2025-04-13T01:45:16Z,2025-05-08T12:03:41Z,main,0,0
GitHub,uol-esis,Frontend,938612523,2025-02-25T08:23:34Z,2025-05-08T12:03:41Z,main,0,1
GitHub,jetteuan,WavePad,952356185,2025-03-21T06:32:15Z,2025-05-08T12:03:41Z,main,0,0
GitHub,paragon-intelligence,agentle,972384320,2025-04-25T01:56:11Z,2025-05-08T12:04:07Z,master,0,0
GitHub,thedanielfactor,thedanielfactor,578365601,2022-12-14T22:10:57Z,2025-05-08T12:03:41Z,main,0,0
GitHub,SePeLE-2,WinVMJ,963053564,2025-04-09T04:54:45Z,2025-05-08T12:03:41Z,main,0,0
GitHub,Fauzan3416,text-balls,952355327,2025-03-21T06:30:15Z,2025-05-08T12:03:41Z,master,0,0
GitHub,TuanMinPay,live-proxy,696656888,2023-09-26T07:26:41Z,2025-05-08T12:03:41Z,master,33,1
GitHub,overtfuture,dotfiles,923734074,2025-01-28T18:46:49Z,2025-05-08T12:03:41Z,main,0,0
GitHub,Nishant-commits,appDistributionHosting,975987029,2025-05-01T09:13:31Z,2025-05-08T12:03:41Z,main,0,0
GitHub,emon555502,sonori,952356953,2025-03-21T06:34:01Z,2025-05-08T12:03:41Z,master,0,0
GitHub,huyhuynh03,Learn_Python,703442022,2023-10-11T08:53:39Z,2025-05-08T12:03:41Z,main,0,0
GitHub,olezha223,EconBattle,929369751,2025-02-08T11:45:41Z,2025-05-08T12:03:41Z,main,2,0
GitHub,KhalidaAkhverdiyeva,portfolio,968068768,2025-04-17T13:04:51Z,2025-05-08T12:03:41Z,master,0,0
GitHub,metanorma,metanorma-plugin-datastruct,275792405,2020-06-29T11:22:25Z,2025-05-08T12:03:41Z,main,1,1
GitHub,evkakiy445,KursFlask,974261209,2025-04-28T13:56:22Z,2025-05-08T12:03:40Z,main,0,0
GitHub,Melo-e-Rodrigues,KDE-Connect,952358654,2025-03-21T06:37:57Z,2025-05-08T12:03:40Z,main,1,0
GitHub,AlxFrst,itop-auto-images-docker,960750809,2025-04-05T01:53:17Z,2025-05-08T12:03:40Z,main,0,0
GitHub,Angelramis,car-rent-services,967384698,2025-04-16T11:26:07Z,2025-05-08T12:03:40Z,main,0,0
GitHub,reaviz,reablocks-figma-plugin,607766570,2023-02-28T16:26:48Z,2025-05-08T12:03:40Z,main,9,1
GitHub,KouShenhai,koushenhai.github.io,607642545,2023-02-28T11:47:06Z,2025-05-08T12:03:40Z,main,1,1
GitHub,wahdanz1,OPA24-project-hr-analytics-dashboard,971218902,2025-04-23T07:31:59Z,2025-05-08T12:03:40Z,main,2,0
GitHub,sayhiben,theblop,930101919,2025-02-10T04:23:54Z,2025-05-08T12:03:40Z,main,8,1
GitHub,Xalava,NagaBanking,889386263,2024-11-16T08:38:25Z,2025-05-08T12:03:40Z,main,0,0
GitHub,reezqi41,Greenshot,952353756,2025-03-21T06:26:26Z,2025-05-08T12:03:40Z,main,0,0
GitHub,ETLOnline,spark,895608503,2024-11-28T14:25:26Z,2025-05-08T12:03:40Z,development,5,2
GitHub,Taekyun131,DJANGO_TUTORIAL,970585221,2025-04-22T08:27:04Z,2025-05-08T12:03:40Z,main,0,0
GitHub,ucla-physicalsciences,cta-psct.physics.ucla.edu,581295592,2022-12-22T19:45:02Z,2025-05-08T12:03:40Z,main,2,0
GitHub,Vadimkin,echerha-dataset,781545792,2024-04-03T15:30:36Z,2025-05-08T12:03:40Z,main,0,0
GitHub,RedFiveZero,farm,661449827,2023-07-02T22:02:34Z,2025-05-08T12:03:40Z,master,0,0
GitHub,maufricio,proyecto_dsm,942047697,2025-03-03T13:43:07Z,2025-05-08T12:03:39Z,main,0,0
GitHub,palmxzx,Roblox-Xeno,952132084,2025-03-20T19:32:30Z,2025-05-08T12:03:39Z,master,19,19
GitHub,marcin4001,ProjectApoURP,835396895,2024-07-29T18:46:18Z,2025-05-08T12:03:39Z,main,0,0
GitHub,VinayakaHk,MediaBiasFactCheckBot,594754905,2023-01-29T14:48:54Z,2025-05-08T12:03:39Z,main,0,0
GitHub,adamdecaf,hardest-blocks,954305104,2025-03-24T22:00:26Z,2025-05-08T12:03:39Z,master,0,0
GitHub,McCoughskii,McCoughskii,458291439,2022-02-11T18:05:47Z,2025-05-08T12:03:39Z,main,0,0
GitHub,katrina110,instaprint-flask-,895127428,2024-11-27T15:55:35Z,2025-05-08T12:03:39Z,main,1,0
GitHub,shihkuanglee,RD-LCNN,474826171,2022-03-28T03:03:21Z,2025-05-08T12:03:39Z,main,3,1
GitHub,nptscot,osmactive,786712575,2024-04-15T06:55:45Z,2025-05-08T12:03:39Z,main,13,0
GitHub,Steve6731,ASIR-1,971952876,2025-04-24T10:04:08Z,2025-05-08T12:03:39Z,main,0,0
GitHub,TushuVeloce,ShreeDeveloper,919307170,2025-01-20T06:39:57Z,2025-05-08T12:03:39Z,main,0,0
GitHub,YKN1,Dishost,952353073,2025-03-21T06:24:51Z,2025-05-08T12:03:39Z,main,1,0
GitHub,IWCEXCHANGE-AFRICA,iwc-airdrop-app,916665204,2025-01-14T14:42:08Z,2025-05-08T12:03:39Z,main,0,0
GitHub,KATO-Hiro,AtCoder,121067516,2018-02-11T00:32:45Z,2025-05-08T12:03:39Z,master,5,0
GitHub,mdtajnur22,kiss-slam,952346401,2025-03-21T06:09:10Z,2025-05-08T12:03:39Z,main,3,0
GitHub,latasoftware,navkarmodwawatext,959653213,2025-04-03T06:16:36Z,2025-05-08T12:03:39Z,main,0,0
GitHub,msv-stihl,chatbot,955487332,2025-03-26T18:03:03Z,2025-05-08T12:03:39Z,main,0,0
GitHub,Fashinray,Influencer_Mini-app,974808738,2025-04-29T10:40:51Z,2025-05-08T12:03:39Z,main,0,0
GitHub,shikokuchuo,light-brushing,395114434,2021-08-11T20:55:24Z,2025-05-08T12:03:38Z,main,0,0
GitHub,2HEADSs,MotoStore,976233758,2025-05-01T18:34:11Z,2025-05-08T12:03:38Z,main,0,0
GitHub,st115-smurf-account,st115-group-project,963494915,2025-04-09T19:10:05Z,2025-05-08T12:03:38Z,main,0,1
GitHub,AnriEU,tg,569569539,2022-11-23T05:53:56Z,2025-05-08T12:03:38Z,main,7,2
GitHub,ZaiduCreatesJarvis,Blockchain-event-ticketing-app,952339223,2025-03-21T05:51:05Z,2025-05-08T12:03:38Z,main,2,0
GitHub,NEKOparapa,AiNiee,627925034,2023-04-14T13:58:00Z,2025-05-08T12:03:38Z,main,2375,147
GitHub,Ashloveall,pong0,952351926,2025-03-21T06:22:09Z,2025-05-08T12:03:38Z,main,0,0
GitHub,deepak-2309,floc25,969955162,2025-04-21T07:59:19Z,2025-05-08T12:03:38Z,main,0,0
GitHub,AndreyAboba,123,944771623,2025-03-07T23:52:56Z,2025-05-08T12:03:38Z,main,0,0
GitHub,codaisa,narrativas-ia,966554508,2025-04-15T05:25:42Z,2025-05-08T12:03:38Z,main,0,0
GitHub,Charles-Chrismann,Charles-Chrismann,536042198,2022-09-13T09:02:05Z,2025-05-08T12:03:38Z,main,82,9
GitHub,espressif,esp-nvd-mirror,833084277,2024-07-24T10:17:34Z,2025-05-08T12:03:38Z,master,2,0
GitHub,yereverluvinunclebert,tbSteampunk-clock-calendar,908041529,2024-12-25T00:43:07Z,2025-05-08T12:03:38Z,main,0,0
GitHub,nazrawi777,Diamond,949569965,2025-03-16T18:40:48Z,2025-05-08T12:03:38Z,main,0,0
GitHub,SrcsProdDUB3CanaryUser,github-Put,820070056,2024-06-25T18:29:06Z,2025-05-08T12:03:38Z,main,0,0
GitHub,endanso1,QRGEN,945944736,2025-03-10T11:22:33Z,2025-05-08T12:03:38Z,main,0,0
GitHub,aws-aemilia-nrt,Github-PR-Commit-Integration-Test-DoNotTouch-GitH-6PGWNX3K-v1-preprod-ap-northeast-1,935100619,2025-02-18T22:48:32Z,2025-05-08T12:03:38Z,main,0,0
GitHub,gusaiani,security-analysis-graham-dodd,139716770,2018-07-04T12:05:36Z,2025-05-08T12:03:38Z,master,7,2
GitHub,SrcsBetaPDXCanaryUser,github-Delete,811005766,2024-06-05T19:01:44Z,2025-05-08T12:04:11Z,main,0,0
GitHub,hopppe,aitravelagent2,969187756,2025-04-19T15:33:03Z,2025-05-08T12:03:37Z,main,0,0
GitHub,jmarhee,jmarhee,954869407,2025-03-25T18:36:19Z,2025-05-08T12:03:37Z,main,0,0
GitHub,Andylesther,Android-x64_Android16.1_Heavy_Edition_Docs,952338103,2025-03-21T05:48:09Z,2025-05-08T12:03:37Z,Android-x64_Android16.1_Heavy_Edition_Docs_Main-dev,1,0
GitHub,supsshinde,Expense_Hub_Frontend,962470479,2025-04-08T07:51:33Z,2025-05-08T12:03:37Z,main,0,0
GitHub,EdilKulzhabay,hotela95,974478034,2025-04-28T20:56:51Z,2025-05-08T12:03:37Z,main,0,0
GitHub,opetersales,dashtimestudy,972081738,2025-04-24T14:03:37Z,2025-05-08T12:03:37Z,main,0,0
GitHub,MeasVuthy168,CreditAssist,957840040,2025-03-31T08:12:47Z,2025-05-08T12:03:36Z,main,0,0
GitHub,gouveavitorr,college_subjects,883383045,2024-11-04T21:42:43Z,2025-05-08T12:03:36Z,main,0,0
GitHub,CardiJey,schulrechner,961033753,2025-04-05T15:59:17Z,2025-05-08T12:03:36Z,main,0,0
GitHub,ryanwhite1,xenomorph,759272090,2024-02-18T05:46:38Z,2025-05-08T12:03:36Z,main,0,0
GitHub,SectionOne,gitactionsexe,967549533,2025-04-16T16:15:14Z,2025-05-08T12:03:36Z,main,0,0
GitHub,mikesprague,packages,568920405,2022-11-21T17:36:34Z,2025-05-08T12:03:43Z,main,2,0
GitHub,emonmia5502,Wales,952339939,2025-03-21T05:53:00Z,2025-05-08T12:03:36Z,Wales_Main-dev,0,0
GitHub,tdreja,single-page-quiz,968558807,2025-04-18T09:51:32Z,2025-05-08T12:03:36Z,main,0,0
GitHub,Snajpernr007,baza,918430624,2025-01-17T23:18:25Z,2025-05-08T12:03:36Z,main,0,0
GitHub,tianyw0,ai-conversation-navigator,968200172,2025-04-17T17:09:45Z,2025-05-08T12:03:36Z,main,0,1
GitHub,purvajoshi02,CyberSfe-Haven,969414893,2025-04-20T05:01:23Z,2025-05-08T12:03:36Z,main,0,0
GitHub,bradleyburgess,bradleyburgess,484787254,2022-04-23T15:38:48Z,2025-05-08T12:03:36Z,main,0,0
GitHub,Manojhariharan,Toymodel,972772095,2025-04-25T16:27:33Z,2025-05-08T12:03:36Z,main,0,0
GitHub,revoltek,losoto,10337760,2013-05-28T14:41:54Z,2025-05-08T12:03:36Z,master,11,20
GitHub,suurt8ll,open_webui_functions,919427455,2025-01-20T11:21:10Z,2025-05-08T12:03:36Z,master,33,8
GitHub,HQVFX42,Algorithm,364219718,2021-05-04T10:31:28Z,2025-05-08T12:03:36Z,master,1,0
GitHub,d-hoelscher,cmsTest,972491545,2025-04-25T06:59:22Z,2025-05-08T12:03:36Z,main,0,0
GitHub,commercialhaskell,all-cabal-metadata,35514054,2015-05-12T21:40:27Z,2025-05-08T12:03:35Z,master,9,8
GitHub,eottabom,eottabom.github.io,258831232,2020-04-25T17:13:58Z,2025-05-08T12:03:35Z,master,3,1
GitHub,Blackork1,komplettwebdesign,970092516,2025-04-21T13:07:35Z,2025-05-08T12:03:35Z,main,0,0
GitHub,devonphill,bingo-blitz-online,970907100,2025-04-22T18:03:54Z,2025-05-08T12:03:35Z,main,0,0
GitHub,archarddeity,blog,891632328,2024-11-20T17:14:07Z,2025-05-08T12:03:35Z,master,0,0
GitHub,jmm-02,FAMS,906692101,2024-12-21T16:16:30Z,2025-05-08T12:03:35Z,main,0,0
GitHub,crisoplo93,dorisdb,768938046,2024-03-08T02:23:37Z,2025-05-08T12:03:35Z,main,0,0
GitHub,ShaZimbo,Data-Science,931214006,2025-02-11T22:42:25Z,2025-05-08T12:03:35Z,main,1,0
GitHub,rodrigogbranco,rodrigogbranco,923190051,2025-01-27T19:41:34Z,2025-05-08T12:03:34Z,main,0,0
GitHub,bertfrees,luisterpunt-bulktool,934284139,2025-02-17T15:18:26Z,2025-05-08T12:03:34Z,master,1,0
GitHub,Ferfoui,Amogus,865599316,2024-09-30T19:49:50Z,2025-05-08T12:03:34Z,main,1,0
GitHub,edrys-labs,edrys-exercises,892513569,2024-11-22T08:58:50Z,2025-05-08T12:03:34Z,main,0,0
GitHub,MALSync,MALSync,144466641,2018-08-12T12:56:27Z,2025-05-08T12:03:34Z,master,2469,280
GitHub,lavishakag,Trial,975466314,2025-04-30T11:07:44Z,2025-05-08T12:03:34Z,main,0,0
GitHub,SokEtak,Arduino,969939668,2025-04-21T07:23:11Z,2025-05-08T12:03:34Z,main,0,1
GitHub,ThaUnknown,ThaUnknown,480882979,2022-04-12T16:10:46Z,2025-05-08T12:03:34Z,main,2,4
GitHub,Kawaiola07,Electronic-Portfolio,798421488,2024-05-09T18:37:25Z,2025-05-08T12:03:34Z,main,0,0
GitHub,ahcx9,swirl-refined-website,974200012,2025-04-28T12:08:09Z,2025-05-08T12:03:33Z,main,0,0
GitHub,CMHyuk,wiki,780025658,2024-03-31T13:43:31Z,2025-05-08T12:03:33Z,main,0,0
GitHub,kiddin9,kwrt-packages,868211024,2024-10-05T19:02:01Z,2025-05-08T12:03:33Z,main,118,57
GitHub,TEAM-FLASH,TOUCHEESE_BE,897985765,2024-12-03T15:31:21Z,2025-05-08T12:03:33Z,main,0,0
GitHub,REDBOYTRAN,usepopcorn,972363706,2025-04-25T00:46:10Z,2025-05-08T12:03:33Z,main,0,0
GitHub,TheDukeElephant,portable-incubator,974733959,2025-04-29T08:19:15Z,2025-05-08T12:03:33Z,main,0,0
GitHub,FBOgmbh,IKK_CSS_ikk-suedwest.de,832089663,2024-07-22T10:32:17Z,2025-05-08T12:03:33Z,main,0,0
GitHub,drmlive,sliv-live-events,828902226,2024-07-15T11:03:36Z,2025-05-08T12:03:33Z,main,11,4
GitHub,Bida20-029,bwexpo,966747688,2025-04-15T11:52:34Z,2025-05-08T12:03:33Z,main,0,0
GitHub,dreamdesigner310,CursoJava,952335758,2025-03-21T05:42:09Z,2025-05-08T12:03:32Z,main,0,0
GitHub,gamepark,les-jardins-suspendus,951306546,2025-03-19T13:28:34Z,2025-05-08T12:03:32Z,main,0,0
GitHub,Tumee2045,calculator,969223044,2025-04-19T17:05:05Z,2025-05-08T12:03:32Z,main,0,0
GitHub,acdra,acdra.github.io,634878196,2023-05-01T12:52:08Z,2025-05-08T12:03:32Z,main,0,0
GitHub,bloodf,bloodf,278263704,2020-07-09T04:35:50Z,2025-05-08T12:03:32Z,master,1,1
GitHub,erika-mn,erika-dev,971123830,2025-04-23T03:51:52Z,2025-05-08T12:03:32Z,main,0,0
GitHub,EniolaCodes,agrosuccour,886243759,2024-11-10T15:16:47Z,2025-05-08T12:03:32Z,main,0,0
GitHub,krippi842,Skynoble-Programming-Language,952328791,2025-03-21T05:24:05Z,2025-05-08T12:03:32Z,main,1,1
GitHub,tisyani,meow,955806198,2025-03-27T08:21:59Z,2025-05-08T12:03:32Z,main,0,0
GitHub,hcstubbe,llm-dev-environments,957399521,2025-03-30T09:17:43Z,2025-05-08T12:03:32Z,main,0,0
GitHub,zo0043,bookmark-collection,871099524,2024-10-11T09:13:51Z,2025-05-08T12:03:32Z,main,0,0
GitHub,endernoke,soular,963173259,2025-04-09T09:15:25Z,2025-05-08T12:03:32Z,main,1,0
GitHub,Trivance-Technologies,trivancetech-website,955837649,2025-03-27T09:24:55Z,2025-05-08T12:03:31Z,main,0,0
GitHub,antarthureau,suuret_muinaiset,869053241,2024-10-07T16:30:43Z,2025-05-08T12:03:31Z,main,0,0
GitHub,Juann22,FastMud,952334244,2025-03-21T05:38:28Z,2025-05-08T12:03:31Z,main,0,0
GitHub,ThomasGRoberts,space-board,816462056,2024-06-17T20:02:24Z,2025-05-08T12:03:31Z,main,1,2
GitHub,Shankz772,Android-x64_Android16.0_Heavy_Edition_Docs,952332248,2025-03-21T05:33:34Z,2025-05-08T12:03:31Z,Android-x64_Android16.0_Heavy_Edition_Docs_Main-dev,0,0
GitHub,fnaf1987boi,Half-Life-Fan-Site,974845270,2025-04-29T11:50:42Z,2025-05-08T12:03:31Z,main,1,0
